contract_id,contract_title,full_contract_text,chapter_number,chapter_title,section_reference,category_derived_non_canonical,canonical_version,status
GP-1,Användarrelation,Arnold ska vara GainPilots primära användarnära coach. Interna agenter och system får stödja Arnold utan att skapa en fragmenterad användarupplevelse.,1,GainPilots uppdrag,1.18 Arkitekturkontrakt,agent,v1.0,Canonical Review Candidate
GP-2,Central intelligens,"Atlas ska fungera som den övergripande intelligensen bakom Arnold. Arnold ska kunna använda Atlas för bredare resonemang, minne, research och samordning.",1,GainPilots uppdrag,1.18 Arkitekturkontrakt,memory,v1.0,Canonical Review Candidate
GP-3,Minnesisolering,GainPilots minnesdomän ska vara isolerad från andra användare och andra Omnira-projekt. Ingen agent får använda irrelevant eller obehörig projektdata för att personanpassa GainPilot.,1,GainPilots uppdrag,1.18 Arkitekturkontrakt,training,v1.0,Canonical Review Candidate
GP-4,Förklarbar anpassning,Varje betydelsefull automatisk förändring av användarens upplägg ska kunna förklaras.,1,GainPilots uppdrag,1.18 Arkitekturkontrakt,training,v1.0,Canonical Review Candidate
GP-5,Valbar kontroll,Användaren ska kunna välja hur mycket GainPilot får ändra automatiskt.,1,GainPilots uppdrag,1.18 Arkitekturkontrakt,product,v1.0,Canonical Review Candidate
GP-6,Sammanhängande planering,"Träning, kost, aktivitet, progression och återhämtning ska behandlas som delar av samma planeringsproblem.",1,GainPilots uppdrag,1.18 Arkitekturkontrakt,nutrition,v1.0,Canonical Review Candidate
GP-7,Kontrollerad research,"Extern information ska bedömas utifrån källkvalitet, aktualitet, relevans och osäkerhet innan den används.",1,GainPilots uppdrag,1.18 Arkitekturkontrakt,safety,v1.0,Canonical Review Candidate
GP-8,Kontrollerad produktutveckling,Alla kodförändringar som initieras av Atlas eller andra agenter ska ske på en separat branch och genom en verifierad PR- och mergeprocess.,1,GainPilots uppdrag,1.18 Arkitekturkontrakt,agent,v1.0,Canonical Review Candidate
GP-9,Kontext före rekommendation,"GainPilot får inte skapa en personlig rekommendation utan tillräcklig relevant kontext. När kontexten är otillräcklig ska systemet fråga, begränsa rådet eller tydligt beskriva osäkerheten.",2,Problemet GainPilot löser,2.23 Arkitekturkontrakt,safety,v1.0,Canonical Review Candidate
GP-10,Helhetsanalys,"Betydelsefulla förändringar av träning, kost eller aktivitet ska bedömas utifrån konsekvenserna för användarens samlade upplägg.",2,Problemet GainPilot löser,2.23 Arkitekturkontrakt,nutrition,v1.0,Canonical Review Candidate
GP-11,Verkligheten är en del av modellen,Återkommande avvikelser ska kunna behandlas som signaler om att planen behöver förändras. Systemet får inte automatiskt tolka alla avvikelser som bristande motivation.,2,Problemet GainPilot löser,2.23 Arkitekturkontrakt,data,v1.0,Canonical Review Candidate
GP-12,Meningsfull valfrihet,"GainPilot ska prioritera ett begränsat antal relevanta alternativ framför långa, osorterade listor.",2,Problemet GainPilot löser,2.23 Arkitekturkontrakt,product,v1.0,Canonical Review Candidate
GP-13,Mönster före överreaktion,GainPilot ska som huvudregel kräva ett tillräckligt mönster eller tydlig risk innan större förändringar genomförs.,2,Problemet GainPilot löser,2.23 Arkitekturkontrakt,safety,v1.0,Canonical Review Candidate
GP-14,Förklaring före förtroende,Betydelsefulla rekommendationer och förändringar ska kunna förklaras på en nivå som passar användaren.,2,Problemet GainPilot löser,2.23 Arkitekturkontrakt,training,v1.0,Canonical Review Candidate
GP-15,Externt innehåll kräver granskning,"Program, övningar, kostråd och annan information från externa källor ska granskas, normaliseras och anpassas innan de används.",2,Problemet GainPilot löser,2.23 Arkitekturkontrakt,nutrition,v1.0,Canonical Review Candidate
GP-16,Personalisering över tid,GainPilot ska förbättra sin användarmodell genom tillåtna och relevanta observationer över tid. En onboardingprofil får inte behandlas som en fullständig och permanent bild av användaren.,2,Problemet GainPilot löser,2.23 Arkitekturkontrakt,memory,v1.0,Canonical Review Candidate
GP-17,En konsekvent coachrelation,"Arnold ska vara GainPilots primära och konsekventa användarnära coach. Interna modeller, agenter och tjänster får inte skapa motstridiga personligheter eller regler.",3,Arnold och den personliga coachupplevelsen,3.39 Arkitekturkontrakt,agent,v1.0,Canonical Review Candidate
GP-18,"Atlas bakom, Arnold framför",Atlas ska ge Arnold bredare intelligens. Arnold ska normalt vara den som kommunicerar beslutet till användaren.,3,Arnold och den personliga coachupplevelsen,3.39 Arkitekturkontrakt,agent,v1.0,Canonical Review Candidate
GP-19,Domänstyrd coachning,"Arnolds svar och handlingar ska förankras i GainPilots domänmodeller, säkerhetsregler och användarkontext.",3,Arnold och den personliga coachupplevelsen,3.39 Arkitekturkontrakt,agent,v1.0,Canonical Review Candidate
GP-20,"Anpassningsbar ton, stabil säkerhet","Arnolds kommunikationsstil får anpassas. Säkerhetsgränser, ärlighet och faktiska beslutskriterier får inte anpassas bort.",3,Arnold och den personliga coachupplevelsen,3.39 Arkitekturkontrakt,training,v1.0,Canonical Review Candidate
GP-21,Relevant proaktivitet,Arnold får agera proaktivt när det finns ett rimligt användarvärde och rätt behörighet. Proaktivitet får inte skapa onödigt brus eller upplevelse av övervakning.,3,Arnold och den personliga coachupplevelsen,3.39 Arkitekturkontrakt,agent,v1.0,Canonical Review Candidate
GP-22,Osäkerhet ska uttryckas,"Arnold ska skilja mellan fakta, tolkning, hypotes och rekommendation.",3,Arnold och den personliga coachupplevelsen,3.39 Arkitekturkontrakt,agent,v1.0,Canonical Review Candidate
GP-23,Ingen kritisk gissning,"När viktig kontext saknas ska Arnold fråga, begränsa rekommendationen eller avstå.",3,Arnold och den personliga coachupplevelsen,3.39 Arkitekturkontrakt,agent,v1.0,Canonical Review Candidate
GP-24,Historik och återställning,"Betydelsefulla automatiska ändringar ska kunna spåras, förklaras och återställas.",3,Arnold och den personliga coachupplevelsen,3.39 Arkitekturkontrakt,product,v1.0,Canonical Review Candidate
GP-25,Professionella gränser,Arnold får inte framställa GainPilot som ersättning för professionell vård eller ge råd utanför plattformens mandat.,3,Arnold och den personliga coachupplevelsen,3.39 Arkitekturkontrakt,agent,v1.0,Canonical Review Candidate
GP-26,Användarkontroll,Arnolds handlingar ska följa användarens valda kontrollnivå och tillämpliga approvalkrav.,3,Arnold och den personliga coachupplevelsen,3.39 Arkitekturkontrakt,agent,v1.0,Canonical Review Candidate
GP-27,"Gemensamt fundament, anpassad upplevelse","GainPilot ska använda ett gemensamt plattformsfundament men anpassa upplevelse, planering och coachning efter användarens domän och behov.",4,Målgrupper och användarbehov,4.38 Arkitekturkontrakt,training,v1.0,Canonical Review Candidate
GP-28,Ingen global erfarenhetsnivå,Användarens erfarenhet ska kunna representeras per träningsdomän och vid behov per färdighet.,4,Målgrupper och användarbehov,4.38 Arkitekturkontrakt,training,v1.0,Canonical Review Candidate
GP-29,Kombinerade mål kräver prioritering,När användaren har flera mål ska GainPilot definiera deras prioritet och analysera konflikter.,4,Målgrupper och användarbehov,4.38 Arkitekturkontrakt,data,v1.0,Canonical Review Candidate
GP-30,Praktiska begränsningar är planeringsdata,"Tid, utrustning, vardag och kostpraktik ska behandlas som verkliga krav i planen.",4,Målgrupper och användarbehov,4.38 Arkitekturkontrakt,nutrition,v1.0,Canonical Review Candidate
GP-31,Preferens är inte säkerhetsbegränsning,"GainPilot ska skilja mellan personlig preferens, praktisk begränsning och säkerhetsrelaterad begränsning.",4,Målgrupper och användarbehov,4.38 Arkitekturkontrakt,security,v1.0,Canonical Review Candidate
GP-32,Progressiv komplexitet,Nybörjare ska kunna använda GainPilot utan att exponeras för onödig komplexitet. Avancerade användare ska kunna få större kontroll och insyn.,4,Målgrupper och användarbehov,4.38 Arkitekturkontrakt,product,v1.0,Canonical Review Candidate
GP-33,Segmentering får inte låsa användaren,Målgruppssegment ska vägleda personalisering men får inte förhindra användaren från att kombinera domäner eller förändras över tid.,4,Målgrupper och användarbehov,4.38 Arkitekturkontrakt,memory,v1.0,Canonical Review Candidate
GP-34,Aktuell användarvilja har företräde,Historiskt minne och observerade mönster får inte tyst ersätta användarens aktuella uttryckta mål och beslut.,4,Målgrupper och användarbehov,4.38 Arkitekturkontrakt,memory,v1.0,Canonical Review Candidate
GP-35,Personalisering ska kunna korrigeras,"Användaren ska kunna se, ändra och ta bort viktiga profiluppgifter som påverkar GainPilots beslut.",4,Målgrupper och användarbehov,4.38 Arkitekturkontrakt,memory,v1.0,Canonical Review Candidate
GP-36,Målgruppsinsikter ska bli produktkrav,"Identifierade användarbehov ska kunna översättas till konkreta kapabiliteter, tester och framgångskriterier.",4,Målgrupper och användarbehov,4.38 Arkitekturkontrakt,governance,v1.0,Canonical Review Candidate
GP-37,Verkligt användarvärde,Varje större funktion ska kunna kopplas till ett definierat användarbehov och ett verifierbart resultat.,5,GainPilots produktprinciper och anti-principer,5.48 ARKITEKTURKONTRAKT,product,v1.0,Canonical Review Candidate
GP-38,Genomförbar planering,"GainPilot ska optimera för ett upplägg som användaren rimligen kan genomföra, inte endast ett teoretiskt optimalt upplägg.",5,GainPilots produktprinciper och anti-principer,5.48 ARKITEKTURKONTRAKT,product,v1.0,Canonical Review Candidate
GP-39,Intelligens minskar friktion,"AI och automatik ska minska planerings-, besluts- eller registreringsbördan. De får inte skapa mer arbete än de ersätter utan tydligt mervärde.",5,GainPilots produktprinciper och anti-principer,5.48 ARKITEKTURKONTRAKT,product,v1.0,Canonical Review Candidate
GP-40,Progressiv komplexitet,"Kärnupplevelsen ska vara enkel. Djupare data, analys och kontroll ska kunna öppnas av användare som behöver det.",5,GainPilots produktprinciper och anti-principer,5.48 ARKITEKTURKONTRAKT,data,v1.0,Canonical Review Candidate
GP-41,Förklarbar och reversibel automatik,"Betydelsefulla automatiska beslut ska kunna förklaras, spåras och återställas.",5,GainPilots produktprinciper och anti-principer,5.48 ARKITEKTURKONTRAKT,product,v1.0,Canonical Review Candidate
GP-42,Syftesbegränsad kontext,"Arnold och Atlas får endast använda kontext som är relevant, tillåten och proportionerlig mot uppgiften.",5,GainPilots produktprinciper och anti-principer,5.48 ARKITEKTURKONTRAKT,agent,v1.0,Canonical Review Candidate
GP-43,Kontrollerat minne,"Viktiga minnesposter ska kunna granskas, korrigeras och tas bort av användaren.",5,GainPilots produktprinciper och anti-principer,5.48 ARKITEKTURKONTRAKT,memory,v1.0,Canonical Review Candidate
GP-44,Helhetsbedömning,"Betydelsefulla ändringar inom träning, kost eller aktivitet ska analyseras i relation till användarens samlade plan.",5,GainPilots produktprinciper och anti-principer,5.48 ARKITEKTURKONTRAKT,nutrition,v1.0,Canonical Review Candidate
GP-45,Stabilitet före förändring,En fungerande plan ska inte ändras utan ett tillräckligt skäl.,5,GainPilots produktprinciper och anti-principer,5.48 ARKITEKTURKONTRAKT,product,v1.0,Canonical Review Candidate
GP-46,Kvalitetskontrollerat innehåll,"Övningar, program, kostunderlag, videor och externa källor ska granskas innan de blir canonical eller används för personliga rekommendationer.",5,GainPilots produktprinciper och anti-principer,5.48 ARKITEKTURKONTRAKT,nutrition,v1.0,Canonical Review Candidate
GP-47,Professionella gränser,GainPilot ska tydligt skilja mellan tränings- och kostvägledning och professionell medicinsk eller vårdrelaterad bedömning.,5,GainPilots produktprinciper och anti-principer,5.48 ARKITEKTURKONTRAKT,nutrition,v1.0,Canonical Review Candidate
GP-48,Användarägd korrigering,Användaren ska kunna korrigera de viktiga profiluppgifter och antaganden som påverkar GainPilots beslut.,5,GainPilots produktprinciper och anti-principer,5.48 ARKITEKTURKONTRAKT,product,v1.0,Canonical Review Candidate
GP-49,Branchbaserad utveckling,"Kodförändringar ska genomföras på separat branch och följa test-, PR-, review- och mergeprocess.",5,GainPilots produktprinciper och anti-principer,5.48 ARKITEKTURKONTRAKT,governance,v1.0,Canonical Review Candidate
GP-50,Begränsad autonomi,"Agentmandat ska vara explicita, avgränsade, spårbara, återkalleliga och kopplade till risknivå.",5,GainPilots produktprinciper och anti-principer,5.48 ARKITEKTURKONTRAKT,agent,v1.0,Canonical Review Candidate
GP-51,Ärlig produktstatus,"GainPilot ska tydligt skilja mellan experimentellt, begränsat och fullt produktionsstöd.",5,GainPilots produktprinciper och anti-principer,5.48 ARKITEKTURKONTRAKT,product,v1.0,Canonical Review Candidate
GP-52,Ingen manipulativ design,"GainPilot får inte använda skuld, rädsla, falsk brådska eller artificiell inlåsning för att driva användarbeteende eller intäkter.",5,GainPilots produktprinciper och anti-principer,5.48 ARKITEKTURKONTRAKT,operations,v1.0,Canonical Review Candidate
GP-53,Progressiv onboarding,GainPilot ska samla den minsta information som krävs för ett säkert första värde och komplettera profilen när ytterligare kontext blir relevant.,6,Onboarding och den kanoniska användarmodellen,6.51 ARKITEKTURKONTRAKT,product,v1.0,Canonical Review Candidate
GP-54,Frågor kräver syfte,"Varje onboardingfråga ska kunna kopplas till ett definierat användarvärde, säkerhetsbehov eller planeringsbeslut.",6,Onboarding och den kanoniska användarmodellen,6.51 ARKITEKTURKONTRAKT,security,v1.0,Canonical Review Candidate
GP-55,Tidigt användarvärde,Onboardingen ska skapa begripligt värde innan hela den långsiktiga profilen är komplett.,6,Onboarding och den kanoniska användarmodellen,6.51 ARKITEKTURKONTRAKT,product,v1.0,Canonical Review Candidate
GP-56,Strukturerad målmodell,"Mål ska representeras med prioritet, tidsperiod, mätetal, konflikter och relation till andra mål.",6,Onboarding och den kanoniska användarmodellen,6.51 ARKITEKTURKONTRAKT,product,v1.0,Canonical Review Candidate
GP-57,Domänspecifik erfarenhet,Erfarenhet ska modelleras per träningsdomän och vid behov per färdighet.,6,Onboarding och den kanoniska användarmodellen,6.51 ARKITEKTURKONTRAKT,training,v1.0,Canonical Review Candidate
GP-58,Nuläge före gammal historik,Aktuell bekräftad kontext ska normalt väga tyngre än äldre historisk information vid planering.,6,Onboarding och den kanoniska användarmodellen,6.51 ARKITEKTURKONTRAKT,safety,v1.0,Canonical Review Candidate
GP-59,Praktiska förutsättningar är canonical data,"Tillgängliga dagar, tid, utrustning och kostpraktik ska påverka den aktiva planen.",6,Onboarding och den kanoniska användarmodellen,6.51 ARKITEKTURKONTRAKT,nutrition,v1.0,Canonical Review Candidate
GP-60,Säkerhetsbegränsningar ska särskiljas,"Allergier, smärta och andra säkerhetsrelaterade begränsningar ska skiljas från vanliga preferenser.",6,Onboarding och den kanoniska användarmodellen,6.51 ARKITEKTURKONTRAKT,security,v1.0,Canonical Review Candidate
GP-61,Granulär kontroll,Användarens kontrollnivå ska kunna tillämpas per kapabilitet och riskklass.,6,Onboarding och den kanoniska användarmodellen,6.51 ARKITEKTURKONTRAKT,safety,v1.0,Canonical Review Candidate
GP-62,Behörighetsstyrd Atlas-kontext,"Information från Atlas eller andra Omnira-domäner får endast användas genom Hermes, rätt syfte och tillämpligt användargodkännande.",6,Onboarding och den kanoniska användarmodellen,6.51 ARKITEKTURKONTRAKT,memory,v1.0,Canonical Review Candidate
GP-63,Provenance för användaruppgifter,"Viktiga uppgifter ska kunna kopplas till källa, tidpunkt, säkerhetsnivå och giltighet.",6,Onboarding och den kanoniska användarmodellen,6.51 ARKITEKTURKONTRAKT,security,v1.0,Canonical Review Candidate
GP-64,Inferens är inte fakta,Systeminferenser ska markeras som inferenser och får inte behandlas som användarbekräftade fakta.,6,Onboarding och den kanoniska användarmodellen,6.51 ARKITEKTURKONTRAKT,product,v1.0,Canonical Review Candidate
GP-65,Tidsbegränsad information ska löpa ut,Tillfälliga begränsningar och kontexter ska ha giltighetstid eller omprövningspunkt.,6,Onboarding och den kanoniska användarmodellen,6.51 ARKITEKTURKONTRAKT,training,v1.0,Canonical Review Candidate
GP-66,Användarkorrigering,Användaren ska kunna se och korrigera de uppgifter som påverkar GainPilots beslut.,6,Onboarding och den kanoniska användarmodellen,6.51 ARKITEKTURKONTRAKT,product,v1.0,Canonical Review Candidate
GP-67,Canonical användarmodell,GainPilots agenter och funktioner ska använda en gemensam styrd användarmodell och får inte skapa okontrollerade parallella profiler.,6,Onboarding och den kanoniska användarmodellen,6.51 ARKITEKTURKONTRAKT,agent,v1.0,Canonical Review Candidate
GP-68,Första planen är kalibrerbar,"Det första upplägget ska presenteras som ett förklarat och anpassningsbart förslag, inte som en slutgiltig sanning.",6,Onboarding och den kanoniska användarmodellen,6.51 ARKITEKTURKONTRAKT,training,v1.0,Canonical Review Candidate
GP-69,Träning som sammanhängande system,"GainPilot ska behandla program, pass, övningar, progression, återhämtning och resultat som delar av samma träningsmodell.",7,Träningsintelligens,7.64 ARKITEKTURKONTRAKT,training,v1.0,Canonical Review Candidate
GP-70,Syftesstyrd programmering,Varje program och betydelsefull programdel ska kunna kopplas till ett definierat mål eller planeringsbehov.,7,Träningsintelligens,7.64 ARKITEKTURKONTRAKT,training,v1.0,Canonical Review Candidate
GP-71,Regelstyrd programgenerering,"Personliga program ska skapas genom canonical träningsregler och strukturerad användarkontext, inte genom fri språkmodellsgenerering ensam.",7,Träningsintelligens,7.64 ARKITEKTURKONTRAKT,training,v1.0,Canonical Review Candidate
GP-72,Domänspecifik intelligens,"Styrketräning, hypertrofi, CrossFit, calisthenics och kondition ska ha egna domänregler där deras modeller skiljer sig.",7,Träningsintelligens,7.64 ARKITEKTURKONTRAKT,training,v1.0,Canonical Review Candidate
GP-73,Genomförbar frekvens och passlängd,Program ska utgå från användarens realistiska tillgänglighet och kunna hantera en definierad miniminivå.,7,Träningsintelligens,7.64 ARKITEKTURKONTRAKT,training,v1.0,Canonical Review Candidate
GP-74,Funktionellt övningsurval,"Övningar ska väljas och ersättas utifrån programmets syfte, inte endast muskelgrupp eller namn.",7,Träningsintelligens,7.64 ARKITEKTURKONTRAKT,training,v1.0,Canonical Review Candidate
GP-75,Explicit progression,Varje aktivt program ska ha en definierad progressionsmodell eller ett uttryckligt skäl till att progression inte används.,7,Träningsintelligens,7.64 ARKITEKTURKONTRAKT,training,v1.0,Canonical Review Candidate
GP-76,Stabilitet före omprogrammering,GainPilot ska normalt kräva ett relevant mönster eller tydlig händelse innan större programförändringar genomförs.,7,Träningsintelligens,7.64 ARKITEKTURKONTRAKT,training,v1.0,Canonical Review Candidate
GP-77,Canonical övningsidentitet,Övningar ska ha stabila canonical identiteter separerade från visningsnamn och språk.,7,Träningsintelligens,7.64 ARKITEKTURKONTRAKT,training,v1.0,Canonical Review Candidate
GP-78,Strukturerad övningsgraf,"Övningsrelationer ska representeras med typ, villkor, källa och kvalitetsstatus.",7,Träningsintelligens,7.64 ARKITEKTURKONTRAKT,training,v1.0,Canonical Review Candidate
GP-79,Kvalitetsgranskat media,"Övningsdemonstrationer ska vara licensierade, versionshanterade och tekniskt granskade innan produktionsanvändning.",7,Träningsintelligens,7.64 ARKITEKTURKONTRAKT,training,v1.0,Canonical Review Candidate
GP-80,Domänanpassad loggning,Träningsloggen ska representera den faktiska aktivitetstypen och får inte tvinga alla domäner till set och repetitioner.,7,Träningsintelligens,7.64 ARKITEKTURKONTRAKT,training,v1.0,Canonical Review Candidate
GP-81,Kontrollerad anpassning,Analys får endast förändra ett aktivt program genom GainPilots anpassningsmotor och användarens tillämpliga mandat.,7,Träningsintelligens,7.64 ARKITEKTURKONTRAKT,training,v1.0,Canonical Review Candidate
GP-82,Versionshanterade program,Aktiva träningsprogram och betydelsefulla förändringar ska vara versionerade och återställningsbara.,7,Träningsintelligens,7.64 ARKITEKTURKONTRAKT,training,v1.0,Canonical Review Candidate
GP-83,Professionell gräns vid smärta och skada,GainPilot får inte diagnostisera eller programmera runt högrisksymptom utan lämplig begränsning och hänvisning.,7,Träningsintelligens,7.64 ARKITEKTURKONTRAKT,training,v1.0,Canonical Review Candidate
GP-84,Samlad belastningsbedömning,"Styrka, kondition, CrossFit, calisthenics och annan relevant aktivitet ska konsekvensbedömas tillsammans.",7,Träningsintelligens,7.64 ARKITEKTURKONTRAKT,training,v1.0,Canonical Review Candidate
GP-85,Granskad kunskapsuppdatering,Ny extern information får inte direkt ändra canonical träningsregler eller användarprogram.,7,Träningsintelligens,7.64 ARKITEKTURKONTRAKT,training,v1.0,Canonical Review Candidate
GP-86,Extern programmering ska respekteras,GainPilot får inte skriva över ett externt eller mänskligt coachat program utanför användarens uttryckliga mandat.,7,Träningsintelligens,7.64 ARKITEKTURKONTRAKT,training,v1.0,Canonical Review Candidate
GP-87,Beslut ska vara observerbara,"Betydelsefulla träningsbeslut ska kunna spåras till data, regel, mandat och resultat.",7,Träningsintelligens,7.64 ARKITEKTURKONTRAKT,training,v1.0,Canonical Review Candidate
GP-88,Branchbaserad träningsutveckling,"Förändringar av träningsmotor, regler, övningsgraf och säkerhetslogik ska ske på separat branch med tester, pull request, granskning och kontrollerad merge.",7,Träningsintelligens,7.64 ARKITEKTURKONTRAKT,training,v1.0,Canonical Review Candidate
GP-89,Kost som sammanhängande system,"GainPilot ska behandla energi, näring, måltider, preferenser, vardag och uppföljning som delar av samma kostmodell.",8,Kostintelligens,8.82 ARKITEKTURKONTRAKT,nutrition,v1.0,Canonical Review Candidate
GP-90,Kostmålet kopplas till helheten,Kostplanen ska stödja användarens övergripande mål och konsekvensbedömas tillsammans med träning och aktivitet.,8,Kostintelligens,8.82 ARKITEKTURKONTRAKT,nutrition,v1.0,Canonical Review Candidate
GP-91,Energi är en kalibrerbar uppskattning,Initialt energibehov ska presenteras som en uppskattning och kalibreras mot verkliga resultat.,8,Kostintelligens,8.82 ARKITEKTURKONTRAKT,product,v1.0,Canonical Review Candidate
GP-92,Trend före enskild vägning,Betydelsefulla kostanpassningar ska normalt baseras på relevant trenddata och flera signaler.,8,Kostintelligens,8.82 ARKITEKTURKONTRAKT,nutrition,v1.0,Canonical Review Candidate
GP-93,Praktisk måltidsstruktur,"Kostplanen ska anpassas efter tid, budget, preferenser, hushåll och vardag.",8,Kostintelligens,8.82 ARKITEKTURKONTRAKT,nutrition,v1.0,Canonical Review Candidate
GP-94,Canonical livsmedelsidentitet,"Livsmedel och produkter ska ha canonical identiteter, datakälla och kvalitetsstatus.",8,Kostintelligens,8.82 ARKITEKTURKONTRAKT,data,v1.0,Canonical Review Candidate
GP-95,Canonical receptmodell,"Recept ska vara strukturerade, skalbara, versionshanterade och kopplade till validerad livsmedelsdata.",8,Kostintelligens,8.82 ARKITEKTURKONTRAKT,nutrition,v1.0,Canonical Review Candidate
GP-96,Meningsfull måltidssubstitution,"Måltids- och ingrediensbyten ska ta hänsyn till energi, protein, begränsningar, funktion och resten av dagens plan.",8,Kostintelligens,8.82 ARKITEKTURKONTRAKT,nutrition,v1.0,Canonical Review Candidate
GP-97,Allergier har företräde,Allergier och säkerhetskritiska kostbegränsningar ska tillämpas före preferenser och optimering.,8,Kostintelligens,8.82 ARKITEKTURKONTRAKT,nutrition,v1.0,Canonical Review Candidate
GP-98,Flera precisionsnivåer,GainPilot ska kunna stödja både förenklad portionsbaserad planering och detaljerad vägning.,8,Kostintelligens,8.82 ARKITEKTURKONTRAKT,product,v1.0,Canonical Review Candidate
GP-99,Flexibilitet utan kompensationslogik,"Normala avvikelser ska hanteras utan aggressiv kompensation, skuld eller straffbeteende.",8,Kostintelligens,8.82 ARKITEKTURKONTRAKT,product,v1.0,Canonical Review Candidate
GP-100,Kontrollerad kostanpassning,Aktiva kostplaner får endast förändras genom kostanpassningsmotorn och användarens tillämpliga mandat.,8,Kostintelligens,8.82 ARKITEKTURKONTRAKT,nutrition,v1.0,Canonical Review Candidate
GP-101,Versionshanterad kostplan,Betydelsefulla kostförändringar ska vara spårbara och återställningsbara.,8,Kostintelligens,8.82 ARKITEKTURKONTRAKT,nutrition,v1.0,Canonical Review Candidate
GP-102,Professionella gränser,"GainPilot får inte diagnostisera, ersätta medicinsk nutritionsterapi eller ge högriskråd utanför sitt mandat.",8,Kostintelligens,8.82 ARKITEKTURKONTRAKT,nutrition,v1.0,Canonical Review Candidate
GP-103,Skydd mot osunda mönster,GainPilot ska kunna begränsa funktioner och rekommendationer som riskerar att förstärka extrem restriktion eller kompensationsbeteende.,8,Kostintelligens,8.82 ARKITEKTURKONTRAKT,safety,v1.0,Canonical Review Candidate
GP-104,Granskad extern kunskap,"Ny forskning, livsmedelsdata och externa recept får inte direkt bli canonical utan granskning.",8,Kostintelligens,8.82 ARKITEKTURKONTRAKT,nutrition,v1.0,Canonical Review Candidate
GP-105,"Atlas bakom, Arnold framför","Atlas ska bidra med research, analys och relevant kontext, medan Arnold normalt kommunicerar kostbesluten.",8,Kostintelligens,8.82 ARKITEKTURKONTRAKT,nutrition,v1.0,Canonical Review Candidate
GP-106,Hermes minimerar kostkontext,Delad Omnira-kontext ska begränsas till det kostplaneringen faktiskt kräver.,8,Kostintelligens,8.82 ARKITEKTURKONTRAKT,nutrition,v1.0,Canonical Review Candidate
GP-107,Domänöverskridande konsekvensanalys,Tränings- och kostmotorerna ska kunna bedöma hur förändringar i den ena domänen påverkar den andra.,8,Kostintelligens,8.82 ARKITEKTURKONTRAKT,nutrition,v1.0,Canonical Review Candidate
GP-108,Branchbaserad kostutveckling,"Förändringar av kostmotor, livsmedelsdata, allergenregler och säkerhetslogik ska ske på separat branch med tester, pull request, granskning och kontrollerad merge.",8,Kostintelligens,8.82 ARKITEKTURKONTRAKT,nutrition,v1.0,Canonical Review Candidate
GP-109,Målspecifik progression,"Progression ska definieras i relation till användarens aktiva mål, träningsdomän och programfas.",9,"Progression, återhämtning och anpassning",9.99 ARKITEKTURKONTRAKT,training,v1.0,Canonical Review Candidate
GP-110,"Process, prestation och resultat","GainPilot ska skilja mellan processprogression, prestationsprogression och resultatprogression.",9,"Progression, återhämtning och anpassning",9.99 ARKITEKTURKONTRAKT,training,v1.0,Canonical Review Candidate
GP-111,Jämförbarhet före slutsats,"Prestationsdata får endast jämföras när teknik, variant, standard och övrig kontext är tillräckligt jämförbara.",9,"Progression, återhämtning och anpassning",9.99 ARKITEKTURKONTRAKT,data,v1.0,Canonical Review Candidate
GP-112,Baslinje före avancerad personalisering,GainPilot ska etablera en tillräcklig baslinje innan säkra individuella responsmönster antas.,9,"Progression, återhämtning och anpassning",9.99 ARKITEKTURKONTRAKT,memory,v1.0,Canonical Review Candidate
GP-113,Trend före datapunkt,Större anpassningar ska normalt baseras på relevanta trender eller tydliga högrisksignaler.,9,"Progression, återhämtning och anpassning",9.99 ARKITEKTURKONTRAKT,training,v1.0,Canonical Review Candidate
GP-114,Underhåll är giltig framgång,Bibehållen kapacitet ska kunna klassificeras som framgång när den stödjer det aktiva målet.,9,"Progression, återhämtning och anpassning",9.99 ARKITEKTURKONTRAKT,product,v1.0,Canonical Review Candidate
GP-115,Flera återhämtningssignaler,Återhämtningsbedömning ska använda flera relevanta signaler och får inte styras av en enskild poäng utan tillräcklig kontext.,9,"Progression, återhämtning och anpassning",9.99 ARKITEKTURKONTRAKT,data,v1.0,Canonical Review Candidate
GP-116,Signalkvalitet och provenance,"Återhämtningsdata ska ha känd källa, kvalitet, tidpunkt och osäkerhet.",9,"Progression, återhämtning och anpassning",9.99 ARKITEKTURKONTRAKT,safety,v1.0,Canonical Review Candidate
GP-117,"Rätt orsak, rätt åtgärd","GainPilot ska skilja mellan fysiologisk trötthet, praktisk tidsbrist, låg följsamhet och säkerhetssignal.",9,"Progression, återhämtning och anpassning",9.99 ARKITEKTURKONTRAKT,security,v1.0,Canonical Review Candidate
GP-118,Samlad belastningsanalys,"Relevant belastning från styrka, kondition, CrossFit, calisthenics, kost och vardag ska konsekvensbedömas tillsammans.",9,"Progression, återhämtning och anpassning",9.99 ARKITEKTURKONTRAKT,nutrition,v1.0,Canonical Review Candidate
GP-119,Minsta effektiva förändring,GainPilot ska normalt välja den minsta förändring som rimligen kan lösa det identifierade problemet.,9,"Progression, återhämtning och anpassning",9.99 ARKITEKTURKONTRAKT,product,v1.0,Canonical Review Candidate
GP-120,Hypotesdriven anpassning,"Betydelsefulla förändringar ska ha en dokumenterad hypotes, ett förväntat resultat och ett uppföljningsfönster.",9,"Progression, återhämtning och anpassning",9.99 ARKITEKTURKONTRAKT,training,v1.0,Canonical Review Candidate
GP-121,Begränsad samtidighet,GainPilot ska undvika att förändra flera centrala variabler samtidigt när det inte är nödvändigt.,9,"Progression, återhämtning och anpassning",9.99 ARKITEKTURKONTRAKT,product,v1.0,Canonical Review Candidate
GP-122,Kontrollnivå och låsningar,Alla anpassningar ska följa användarens kontrollnivå och respektera låsta mål och plandelar.,9,"Progression, återhämtning och anpassning",9.99 ARKITEKTURKONTRAKT,training,v1.0,Canonical Review Candidate
GP-123,Riskstyrd automatik,"Anpassningens riskklass ska avgöra graden av automatik, godkännande och uppföljning.",9,"Progression, återhämtning och anpassning",9.99 ARKITEKTURKONTRAKT,training,v1.0,Canonical Review Candidate
GP-124,Förklarbar förändring,"Betydelsefulla anpassningar ska kunna förklaras genom observation, tolkning, förändring, förväntat resultat och osäkerhet.",9,"Progression, återhämtning och anpassning",9.99 ARKITEKTURKONTRAKT,training,v1.0,Canonical Review Candidate
GP-125,Versionshanterad anpassning,"Program-, kost- och återhämtningsförändringar ska vara spårbara och återställningsbara.",9,"Progression, återhämtning och anpassning",9.99 ARKITEKTURKONTRAKT,nutrition,v1.0,Canonical Review Candidate
GP-126,Misslyckade hypoteser ska omprövas,GainPilot ska registrera när en anpassning inte skapar önskat resultat och ompröva den bakomliggande hypotesen.,9,"Progression, återhämtning och anpassning",9.99 ARKITEKTURKONTRAKT,training,v1.0,Canonical Review Candidate
GP-127,Stabilitetsskydd,Systemet ska kunna begränsa överdriven förändringsfrekvens och införa stabilitetsperioder.,9,"Progression, återhämtning och anpassning",9.99 ARKITEKTURKONTRAKT,product,v1.0,Canonical Review Candidate
GP-128,Professionella gränser,"GainPilot får inte diagnostisera sjukdom, skada, överträningssyndrom eller psykisk ohälsa.",9,"Progression, återhämtning och anpassning",9.99 ARKITEKTURKONTRAKT,training,v1.0,Canonical Review Candidate
GP-129,Behörighetsstyrd Omnira-kontext,Atlas och Arnold får endast använda relevant Omnira-kontext genom Hermes och rätt behörighet.,9,"Progression, återhämtning och anpassning",9.99 ARKITEKTURKONTRAKT,memory,v1.0,Canonical Review Candidate
GP-130,Versionshanterade intelligensmodeller,"Progressions-, återhämtnings- och anpassningsmodeller ska versioneras och kunna revideras.",9,"Progression, återhämtning och anpassning",9.99 ARKITEKTURKONTRAKT,training,v1.0,Canonical Review Candidate
GP-131,Testad anpassning,"Förändringar av canonical anpassningsregler ska genomgå enhets-, scenario-, säkerhets-, simulations- och regressionstestning.",9,"Progression, återhämtning och anpassning",9.99 ARKITEKTURKONTRAKT,training,v1.0,Canonical Review Candidate
GP-132,Branchbaserad utveckling,"Förändringar av progressionsmotor, återhämtningsmodell och anpassningslogik ska ske på separat branch med tester, pull request, granskning och kontrollerad merge.",9,"Progression, återhämtning och anpassning",9.99 ARKITEKTURKONTRAKT,training,v1.0,Canonical Review Candidate
GP-133,Övning som strukturerad kunskap,Varje canonical övning ska representeras genom en strukturerad och versionshanterad kunskapsmodell.,10,Övningsgrafen och substitutionsmotorn,10.100 ARKITEKTURKONTRAKT,training,v1.0,Canonical Review Candidate
GP-134,Stabil canonical identitet,"Övningsidentitet ska vara stabil och separerad från språk, visningsnamn och externa leverantörsidentifierare.",10,Övningsgrafen och substitutionsmotorn,10.100 ARKITEKTURKONTRAKT,training,v1.0,Canonical Review Candidate
GP-135,Varianter ska särskiljas,"Betydelsefulla skillnader i utrustning, teknik, rörelseomfång, belastning eller programmering ska kunna representeras som egna varianter.",10,Övningsgrafen och substitutionsmotorn,10.100 ARKITEKTURKONTRAKT,training,v1.0,Canonical Review Candidate
GP-136,Programfunktion före substitution,Ett övningsbyte ska bedömas utifrån övningens funktion i det aktiva programmet.,10,Övningsgrafen och substitutionsmotorn,10.100 ARKITEKTURKONTRAKT,training,v1.0,Canonical Review Candidate
GP-137,Orsak före alternativ,Substitutionsmotorn ska identifiera orsaken till bytet innan alternativ rangordnas.,10,Övningsgrafen och substitutionsmotorn,10.100 ARKITEKTURKONTRAKT,product,v1.0,Canonical Review Candidate
GP-138,Hårda säkerhetsfilter,"Säkerhetsbegränsningar, blockerade övningar och saknad utrustning ska filtrera bort kandidater före mjuk rangordning.",10,Övningsgrafen och substitutionsmotorn,10.100 ARKITEKTURKONTRAKT,training,v1.0,Canonical Review Candidate
GP-139,Villkorade relationer,"Progressioner, regressioner och substitutioner ska ha uttryckliga villkor, källa och kvalitetsstatus.",10,Övningsgrafen och substitutionsmotorn,10.100 ARKITEKTURKONTRAKT,training,v1.0,Canonical Review Candidate
GP-140,Begränsat rekommendationsurval,Arnold ska normalt presentera ett litet antal relevanta alternativ i stället för en osorterad katalog.,10,Övningsgrafen och substitutionsmotorn,10.100 ARKITEKTURKONTRAKT,agent,v1.0,Canonical Review Candidate
GP-141,Förklarad kompromiss,När ett byte inte är fullständigt likvärdigt ska den viktiga kompromissen kommuniceras.,10,Övningsgrafen och substitutionsmotorn,10.100 ARKITEKTURKONTRAKT,product,v1.0,Canonical Review Candidate
GP-142,Giltighet för substitution,"Varje övningsbyte ska kunna klassificeras som tillfälligt, tidsbegränsat, blockbaserat eller permanent.",10,Övningsgrafen och substitutionsmotorn,10.100 ARKITEKTURKONTRAKT,training,v1.0,Canonical Review Candidate
GP-143,Programkonsekvensanalys,Ett övningsbyte ska analyseras i relation till resten av passet och programmet.,10,Övningsgrafen och substitutionsmotorn,10.100 ARKITEKTURKONTRAKT,training,v1.0,Canonical Review Candidate
GP-144,Separat prestationshistorik,Resultat från betydelsefullt olika övningsvarianter ska lagras separat även när övningarna är relaterade.,10,Övningsgrafen och substitutionsmotorn,10.100 ARKITEKTURKONTRAKT,training,v1.0,Canonical Review Candidate
GP-145,Canonical mediekoppling,"Övningsmedia ska kopplas genom canonical övningsidentitet och ha licens, version och granskningsstatus.",10,Övningsgrafen och substitutionsmotorn,10.100 ARKITEKTURKONTRAKT,training,v1.0,Canonical Review Candidate
GP-146,Teknisk mediegranskning,"AI-genererat, retargetat och externt övningsmaterial ska granskas innan produktionsanvändning.",10,Övningsgrafen och substitutionsmotorn,10.100 ARKITEKTURKONTRAKT,training,v1.0,Canonical Review Candidate
GP-147,Privat användarinnehåll,Användarskapade övningar ska vara privata tills en separat canonical granskningsprocess har slutförts.,10,Övningsgrafen och substitutionsmotorn,10.100 ARKITEKTURKONTRAKT,training,v1.0,Canonical Review Candidate
GP-148,Provenance,"Övningsdata och relationer ska ha känd källa, tidpunkt, säkerhetsnivå och granskningsstatus.",10,Övningsgrafen och substitutionsmotorn,10.100 ARKITEKTURKONTRAKT,training,v1.0,Canonical Review Candidate
GP-149,Versionshanterad graf,"Övningsposter, relationer, media och säkerhetsnoteringar ska versioneras och kunna migreras kontrollerat.",10,Övningsgrafen och substitutionsmotorn,10.100 ARKITEKTURKONTRAKT,training,v1.0,Canonical Review Candidate
GP-150,Behörighetsstyrd personlig rangordning,Personliga preferenser och historik får påverka rangordningen men aldrig kringgå säkerhets- och programregler.,10,Övningsgrafen och substitutionsmotorn,10.100 ARKITEKTURKONTRAKT,training,v1.0,Canonical Review Candidate
GP-151,Observerbara substitutionsbeslut,"Det ska gå att spåra varför ett alternativ föreslogs, valdes eller avvisades.",10,Övningsgrafen och substitutionsmotorn,10.100 ARKITEKTURKONTRAKT,product,v1.0,Canonical Review Candidate
GP-152,Branchbaserad grafutveckling,"Förändringar av canonical övningsgraf, substitutionsmotor och säkerhetsfilter ska ske på separat branch med tester, pull request, granskning och kontrollerad merge.",10,Övningsgrafen och substitutionsmotorn,10.100 ARKITEKTURKONTRAKT,training,v1.0,Canonical Review Candidate
GP-153,Import är separat från aktivering,Externt material får inte bli aktiv plan enbart genom uppladdning eller extraktion.,11,"Programimport, externa källor och canonical normalisering",11.136 ARKITEKTURKONTRAKT,product,v1.0,Canonical Review Candidate
GP-154,Originalet ska bevaras,"GainPilot ska skilja mellan originalinnehåll, extraktion, normalisering, användarkorrigering och GainPilot-anpassning.",11,"Programimport, externa källor och canonical normalisering",11.136 ARKITEKTURKONTRAKT,training,v1.0,Canonical Review Candidate
GP-155,Provenance på fältnivå,"Betydelsefull importerad data ska kunna spåras till källa, tidpunkt och tolkningssteg.",11,"Programimport, externa källor och canonical normalisering",11.136 ARKITEKTURKONTRAKT,data,v1.0,Canonical Review Candidate
GP-156,Rättighetsstyrd användning,"Privat tillgång till externt material får inte behandlas som obegränsad rätt till publicering, delning eller canonical återanvändning.",11,"Programimport, externa källor och canonical normalisering",11.136 ARKITEKTURKONTRAKT,product,v1.0,Canonical Review Candidate
GP-157,Importläget ska vara uttryckligt,"GainPilot ska skilja mellan bevarande, analys, anpassning, konvertering och historikimport.",11,"Programimport, externa källor och canonical normalisering",11.136 ARKITEKTURKONTRAKT,training,v1.0,Canonical Review Candidate
GP-158,Osäkerhet ska representeras,Extraherade och matchade fält ska kunna ha säkerhetsnivå och kräva bekräftelse när det behövs.,11,"Programimport, externa källor och canonical normalisering",11.136 ARKITEKTURKONTRAKT,safety,v1.0,Canonical Review Candidate
GP-159,Mellanformat före canonical data,Osäker extern data ska först lagras i ett styrt mellanformat och får inte skrivas direkt till den aktiva domänmodellen.,11,"Programimport, externa källor och canonical normalisering",11.136 ARKITEKTURKONTRAKT,data,v1.0,Canonical Review Candidate
GP-160,Canonical matchning ska vara kontrollerad,"Övningar, aktiviteter och programkomponenter ska matchas genom exakt, synonym-, fuzzy- eller kontextbaserad metod med tydlig säkerhetsnivå.",11,"Programimport, externa källor och canonical normalisering",11.136 ARKITEKTURKONTRAKT,training,v1.0,Canonical Review Candidate
GP-161,Okända poster ska förbli privata,Ej matchade övningar och komponenter ska vara privata tills separat canonical granskning har slutförts.,11,"Programimport, externa källor och canonical normalisering",11.136 ARKITEKTURKONTRAKT,training,v1.0,Canonical Review Candidate
GP-162,Programkonflikter ska synliggöras,"Konflikter med användarens tid, utrustning, säkerhetsbegränsningar och mål får inte döljas eller lösas tyst.",11,"Programimport, externa källor och canonical normalisering",11.136 ARKITEKTURKONTRAKT,training,v1.0,Canonical Review Candidate
GP-163,Original och anpassning ska versionssepareras,GainPilot-anpassningar av externa program ska skapas som separata versioner med tydlig diff.,11,"Programimport, externa källor och canonical normalisering",11.136 ARKITEKTURKONTRAKT,training,v1.0,Canonical Review Candidate
GP-164,Programskaparens intention ska respekteras,GainPilot ska bevara källans struktur och regler när användaren inte uttryckligen har beviljat ändringsmandat.,11,"Programimport, externa källor och canonical normalisering",11.136 ARKITEKTURKONTRAKT,training,v1.0,Canonical Review Candidate
GP-165,Extern progression får inte konkurrera dolt,Endast en uttryckligt vald progressionsmodell får operativt styra samma programkomponent.,11,"Programimport, externa källor och canonical normalisering",11.136 ARKITEKTURKONTRAKT,training,v1.0,Canonical Review Candidate
GP-166,Komponentmandat,"Olika delar av användarens plan ska kunna ha olika källa, ägare och ändringsmandat.",11,"Programimport, externa källor och canonical normalisering",11.136 ARKITEKTURKONTRAKT,authority,v1.0,Canonical Review Candidate
GP-167,Strikt synkroniseringsriktning,"Läs-, skriv-, enkelriktad och tvåvägssynkronisering ska konfigureras separat och tydligt.",11,"Programimport, externa källor och canonical normalisering",11.136 ARKITEKTURKONTRAKT,product,v1.0,Canonical Review Candidate
GP-168,Idempotent import,Samma källdata ska kunna importeras igen utan oavsiktliga dubbletter.,11,"Programimport, externa källor och canonical normalisering",11.136 ARKITEKTURKONTRAKT,data,v1.0,Canonical Review Candidate
GP-169,Säker filhantering,Importerade filer ska valideras och bearbetas isolerat utan exekvering av inbäddad kod.,11,"Programimport, externa källor och canonical normalisering",11.136 ARKITEKTURKONTRAKT,product,v1.0,Canonical Review Candidate
GP-170,Dataminimerad extraktion,GainPilot ska endast extrahera och lagra information som är relevant för importens definierade syfte.,11,"Programimport, externa källor och canonical normalisering",11.136 ARKITEKTURKONTRAKT,data,v1.0,Canonical Review Candidate
GP-171,Användarbekräftelse före högriskaktivering,"Osäkra, säkerhetskritiska eller centrala programfält ska kräva bekräftelse före aktivering.",11,"Programimport, externa källor och canonical normalisering",11.136 ARKITEKTURKONTRAKT,training,v1.0,Canonical Review Candidate
GP-172,Canonical data kräver separat governance,Ingen enskild privat eller extern import får direkt skapa global canonical kunskap.,11,"Programimport, externa källor och canonical normalisering",11.136 ARKITEKTURKONTRAKT,data,v1.0,Canonical Review Candidate
GP-173,Spårbar programanalys,"Analyser av importerade program ska kunna kopplas till exakt källversion, canonical data och analysregel.",11,"Programimport, externa källor och canonical normalisering",11.136 ARKITEKTURKONTRAKT,training,v1.0,Canonical Review Candidate
GP-174,Ingen hallucinerad komplettering,Saknade fält får inte fyllas av AI och presenteras som om de kom från originalkällan.,11,"Programimport, externa källor och canonical normalisering",11.136 ARKITEKTURKONTRAKT,product,v1.0,Canonical Review Candidate
GP-175,Portabilitet,"Användaren ska kunna exportera sina egna resultat, programversioner och GainPilot-skapade data i ett begripligt format.",11,"Programimport, externa källor och canonical normalisering",11.136 ARKITEKTURKONTRAKT,training,v1.0,Canonical Review Candidate
GP-176,Branchbaserad importutveckling,"Förändringar av importparser, normalisering, canonical matchning, rättighetsmodell och säkerhetsfilter ska ske på separat branch med tester, pull request, granskning och kontrollerad merge.",11,"Programimport, externa källor och canonical normalisering",11.136 ARKITEKTURKONTRAKT,security,v1.0,Canonical Review Candidate
GP-177,Strukturerat minne,"Viktiga användarminnen ska representeras som strukturerad, versionshanterad och styrd data.",12,"Minne, personalisering och kontinuerligt lärande",12.149 ARKITEKTURKONTRAKT,memory,v1.0,Canonical Review Candidate
GP-178,Isolerade minnesdomäner,"GainPilot, Arnold, Atlas och övriga Omnira-projekt ska använda separata minnesdomäner med explicit delning.",12,"Minne, personalisering och kontinuerligt lärande",12.149 ARKITEKTURKONTRAKT,memory,v1.0,Canonical Review Candidate
GP-179,Hermes som obligatorisk gateway,Minnesåtkomst mellan GainPilot och andra Omnira-domäner ska gå genom Hermes och tillämplig policy.,12,"Minne, personalisering och kontinuerligt lärande",12.149 ARKITEKTURKONTRAKT,memory,v1.0,Canonical Review Candidate
GP-180,Syftesbegränsad minnesåtkomst,En agent får endast läsa eller skriva minne som är relevant för en definierad uppgift och kapabilitet.,12,"Minne, personalisering och kontinuerligt lärande",12.149 ARKITEKTURKONTRAKT,memory,v1.0,Canonical Review Candidate
GP-181,Provenance,"Varje betydelsefull minnespost ska ha källa, tidpunkt, giltighet, säkerhetsnivå och status.",12,"Minne, personalisering och kontinuerligt lärande",12.149 ARKITEKTURKONTRAKT,memory,v1.0,Canonical Review Candidate
GP-182,Inferens är inte användarfakta,Observerade mönster och systeminferenser får inte behandlas som användarbekräftade fakta.,12,"Minne, personalisering och kontinuerligt lärande",12.149 ARKITEKTURKONTRAKT,product,v1.0,Canonical Review Candidate
GP-183,Användarbekräftelse vid betydelsefull inferens,"Inferenser som påverkar större beslut, känsliga data eller domändelning ska kräva användarbekräftelse.",12,"Minne, personalisering och kontinuerligt lärande",12.149 ARKITEKTURKONTRAKT,data,v1.0,Canonical Review Candidate
GP-184,Aktuell användarvilja har företräde,Användarens aktuella uttryckliga beslut ska normalt väga tyngre än äldre observationer och inferenser.,12,"Minne, personalisering och kontinuerligt lärande",12.149 ARKITEKTURKONTRAKT,product,v1.0,Canonical Review Candidate
GP-185,Giltighet och tidsförfall,"Minnestyper ska ha definierad giltighet, omprövning eller tidsförfall när informationen kan bli inaktuell.",12,"Minne, personalisering och kontinuerligt lärande",12.149 ARKITEKTURKONTRAKT,training,v1.0,Canonical Review Candidate
GP-186,Säkerhetskritiska minnen har prioritet,"Aktiva allergier, blockerade övningar och professionella begränsningar ska tillämpas före vanliga preferenser och optimering.",12,"Minne, personalisering och kontinuerligt lärande",12.149 ARKITEKTURKONTRAKT,training,v1.0,Canonical Review Candidate
GP-187,Minimerad kontextleverans,Hermes ska dela den minsta representation som krävs för uppgiften och inte hela källdomänen.,12,"Minne, personalisering och kontinuerligt lärande",12.149 ARKITEKTURKONTRAKT,memory,v1.0,Canonical Review Candidate
GP-188,Användarstyrd insyn,"Användaren ska kunna se vilka minnen som finns, deras källa, delningsstatus och vad de påverkar.",12,"Minne, personalisering och kontinuerligt lärande",12.149 ARKITEKTURKONTRAKT,memory,v1.0,Canonical Review Candidate
GP-189,Rättelse och radering,Användaren ska kunna korrigera och ta bort minnen inom tillämpliga rättsliga och säkerhetsmässiga gränser.,12,"Minne, personalisering och kontinuerligt lärande",12.149 ARKITEKTURKONTRAKT,memory,v1.0,Canonical Review Candidate
GP-190,Verifierad glömska,Borttagna eller utgångna minnen får inte fortsätta hämtas eller påverka rekommendationer.,12,"Minne, personalisering och kontinuerligt lärande",12.149 ARKITEKTURKONTRAKT,memory,v1.0,Canonical Review Candidate
GP-191,Kvalitet före mängd,GainPilot ska prioritera relevanta och verifierade minnen framför maximal datalagring.,12,"Minne, personalisering och kontinuerligt lärande",12.149 ARKITEKTURKONTRAKT,memory,v1.0,Canonical Review Candidate
GP-192,Utfallsbaserat lärande,Personalisering ska bedöma resultatet av tidigare val och inte endast registrera att valet gjordes.,12,"Minne, personalisering och kontinuerligt lärande",12.149 ARKITEKTURKONTRAKT,memory,v1.0,Canonical Review Candidate
GP-193,Personalisering utan låsning,"Tidigare mönster ska påverka standardval men får inte hindra användaren från att förändra mål, beteende eller träningsform.",12,"Minne, personalisering och kontinuerligt lärande",12.149 ARKITEKTURKONTRAKT,training,v1.0,Canonical Review Candidate
GP-194,Delad profil ska vara begränsad,Den globala Omnira-profilen ska endast innehålla uttryckligt definierade och lämpliga delade uppgifter.,12,"Minne, personalisering och kontinuerligt lärande",12.149 ARKITEKTURKONTRAKT,domain,v1.0,Canonical Review Candidate
GP-195,Ingen dold profilering,GainPilot får inte skapa ogenomskinliga psykologiska eller känsliga profiler som användaren inte kan granska.,12,"Minne, personalisering och kontinuerligt lärande",12.149 ARKITEKTURKONTRAKT,product,v1.0,Canonical Review Candidate
GP-196,Minnesskrivning kräver styrd process,"Externa dokument, verktyg och modeller får inte skriva direkt till canonical användarminne.",12,"Minne, personalisering och kontinuerligt lärande",12.149 ARKITEKTURKONTRAKT,memory,v1.0,Canonical Review Candidate
GP-197,Skydd mot minnesförgiftning,"Minnesarkitekturen ska använda provenance, behörighet, säkerhetsnivå, bekräftelse och rollback för att motverka felaktig påverkan.",12,"Minne, personalisering och kontinuerligt lärande",12.149 ARKITEKTURKONTRAKT,memory,v1.0,Canonical Review Candidate
GP-198,Versionshanterad profil,"Användarprofil, minnesposter, konsolideringar och policys ska versioneras.",12,"Minne, personalisering och kontinuerligt lärande",12.149 ARKITEKTURKONTRAKT,memory,v1.0,Canonical Review Candidate
GP-199,En gemensam canonical profil,"Arnold, Atlas och GainPilots motorer ska använda samma styrda canonical användarprofil inom respektive behörighet.",12,"Minne, personalisering och kontinuerligt lärande",12.149 ARKITEKTURKONTRAKT,agent,v1.0,Canonical Review Candidate
GP-200,Branchbaserad minnesutveckling,"Förändringar av minnesmodell, Hermes-policy, retention, säkerhetsklass och personaliseringsregler ska ske på separat branch med tester, pull request, granskning och kontrollerad merge.",12,"Minne, personalisering och kontinuerligt lärande",12.149 ARKITEKTURKONTRAKT,memory,v1.0,Canonical Review Candidate
GP-201,Program som versionshanterat kontrakt,"Varje aktivt program ska vara en strukturerad, versionshanterad och spårbar representation av mål, plan, progression och mandat.",13,"Program, kalender och långsiktig planering",13.156 ARKITEKTURKONTRAKT,training,v1.0,Canonical Review Candidate
GP-202,Programkälla och ägande,"Program och programkomponenter ska ha definierad källa, ägare och ändringsrätt.",13,"Program, kalender och långsiktig planering",13.156 ARKITEKTURKONTRAKT,training,v1.0,Canonical Review Candidate
GP-203,Huvudmål och prioritering,Varje aktivt program ska ha ett tydligt huvudmål och en explicit prioritering mellan sekundära mål.,13,"Program, kalender och långsiktig planering",13.156 ARKITEKTURKONTRAKT,training,v1.0,Canonical Review Candidate
GP-204,Programvecka och kalendervecka,GainPilot ska skilja mellan programmets interna progression och kalenderns datumstruktur.,13,"Program, kalender och långsiktig planering",13.156 ARKITEKTURKONTRAKT,training,v1.0,Canonical Review Candidate
GP-205,"Fasta, flexibla och asynkrona upplägg","Programmodellen ska stödja fasta kalenderdagar, flexibla fönster, hybridupplägg och asynkron träningsordning.",13,"Program, kalender och långsiktig planering",13.156 ARKITEKTURKONTRAKT,training,v1.0,Canonical Review Candidate
GP-206,Realistisk passlängd,Kalenderbokningar ska baseras på realistiskt uppskattad och senare kalibrerad tidsåtgång.,13,"Program, kalender och långsiktig planering",13.156 ARKITEKTURKONTRAKT,training,v1.0,Canonical Review Candidate
GP-207,Prioriterad reservstruktur,"Relevanta pass ska kunna ha kortversion, minimipass eller reservpass som bevarar programmets viktigaste funktion.",13,"Program, kalender och långsiktig planering",13.156 ARKITEKTURKONTRAKT,training,v1.0,Canonical Review Candidate
GP-208,Missade pass skapar inte automatisk skuld,Missade pass får inte automatiskt staplas på framtida dagar utan program- och återhämtningsanalys.,13,"Program, kalender och långsiktig planering",13.156 ARKITEKTURKONTRAKT,training,v1.0,Canonical Review Candidate
GP-209,Program- och kalenderlåsningar,Användarlåsta programdelar och kalenderhändelser får inte ändras automatiskt.,13,"Program, kalender och långsiktig planering",13.156 ARKITEKTURKONTRAKT,training,v1.0,Canonical Review Candidate
GP-210,Minimerad kalenderåtkomst,GainPilot ska i första hand använda tillgänglighetsinformation och inte privata kalenderdetaljer.,13,"Program, kalender och långsiktig planering",13.156 ARKITEKTURKONTRAKT,product,v1.0,Canonical Review Candidate
GP-211,Separata läs- och skrivbehörigheter,Kalenderläsning och kalenderskrivning ska kräva separata scopes och användarbeslut.,13,"Program, kalender och långsiktig planering",13.156 ARKITEKTURKONTRAKT,authority,v1.0,Canonical Review Candidate
GP-212,Källsystem för kalenderdata,Varje synkroniserad datatyp ska ha ett definierat källsystem och en konfliktpolicy.,13,"Program, kalender och långsiktig planering",13.156 ARKITEKTURKONTRAKT,data,v1.0,Canonical Review Candidate
GP-213,Idempotent synkronisering,Kalender- och programuppdateringar ska kunna upprepas utan oavsiktliga dubbletter.,13,"Program, kalender och långsiktig planering",13.156 ARKITEKTURKONTRAKT,training,v1.0,Canonical Review Candidate
GP-214,Kontrollerad automatisk ombokning,"Automatisk flytt av aktiviteter får endast ske inom uttryckliga tids-, risk- och användarmandat.",13,"Program, kalender och långsiktig planering",13.156 ARKITEKTURKONTRAKT,authority,v1.0,Canonical Review Candidate
GP-215,Programkonsekvens före ombokning,"Flytt av pass ska analyseras i relation till återhämtning, övriga pass och programmets prioritet.",13,"Program, kalender och långsiktig planering",13.156 ARKITEKTURKONTRAKT,training,v1.0,Canonical Review Candidate
GP-216,Originalprogram ska respekteras,GainPilot får inte förändra ett externt eller tränarägt program utanför användarens och ägarens definierade mandat.,13,"Program, kalender och långsiktig planering",13.156 ARKITEKTURKONTRAKT,training,v1.0,Canonical Review Candidate
GP-217,Komponentbaserad planering,"Träning, kondition, skills och kost ska kunna vara separata komponenter inom en samordnad övergripande plan.",13,"Program, kalender och långsiktig planering",13.156 ARKITEKTURKONTRAKT,nutrition,v1.0,Canonical Review Candidate
GP-218,Förklarbar planering,"Betydelsefull programplacering och ombokning ska kunna förklaras genom mål, tillgänglighet, prioritet och återhämtning.",13,"Program, kalender och långsiktig planering",13.156 ARKITEKTURKONTRAKT,training,v1.0,Canonical Review Candidate
GP-219,Återställningsbar förändring,Program- och kalenderändringar ska ha historik och kunna återställas när säkerhet och aktuell version tillåter det.,13,"Program, kalender och långsiktig planering",13.156 ARKITEKTURKONTRAKT,training,v1.0,Canonical Review Candidate
GP-220,Branchbaserad planeringsutveckling,"Förändringar av programmodell, kalenderintegration, ombokningsmotor och behörighetspolicy ska ske på separat branch med tester, pull request, granskning och kontrollerad merge.",13,"Program, kalender och långsiktig planering",13.156 ARKITEKTURKONTRAKT,training,v1.0,Canonical Review Candidate
GP-221,Planerat och genomfört ska separeras,"GainPilot ska bevara skillnaden mellan programplan, dagens anpassade plan och faktiskt genomförande.",14,Träningspasset och den aktiva coachupplevelsen,14.189 ARKITEKTURKONTRAKT,training,v1.0,Canonical Review Candidate
GP-222,Stabil sessionsidentitet,Varje aktiv träningssession ska ha en unik identitet och kopplas till rätt program- och passversion.,14,Träningspasset och den aktiva coachupplevelsen,14.189 ARKITEKTURKONTRAKT,training,v1.0,Canonical Review Candidate
GP-223,Domänriktig sessionsmodell,"Styrka, CrossFit, calisthenics och kondition ska representeras genom modeller som bevarar respektive träningsforms riktiga struktur.",14,Träningspasset och den aktiva coachupplevelsen,14.189 ARKITEKTURKONTRAKT,training,v1.0,Canonical Review Candidate
GP-224,Snabb registrering,Det aktiva passet ska minimera användarens administrativa arbete och erbjuda snabb bekräftelse av planerade värden.,14,Träningspasset och den aktiva coachupplevelsen,14.189 ARKITEKTURKONTRAKT,training,v1.0,Canonical Review Candidate
GP-225,Saknad data är inte noll,Ej registrerade värden får inte automatiskt behandlas som misslyckade eller nollställda resultat.,14,Träningspasset och den aktiva coachupplevelsen,14.189 ARKITEKTURKONTRAKT,data,v1.0,Canonical Review Candidate
GP-226,Uppvärmning som separat fas,Uppvärmning och uppvärmningsset ska hållas åtskilda från arbetsset men kunna användas för dagskalibrering.,14,Träningspasset och den aktiva coachupplevelsen,14.189 ARKITEKTURKONTRAKT,training,v1.0,Canonical Review Candidate
GP-227,Belastningsförslag ska vara förklarbara,"Autoreglerad belastning ska kopplas till plan, historik, uppvärmning och användarens mandat.",14,Träningspasset och den aktiva coachupplevelsen,14.189 ARKITEKTURKONTRAKT,authority,v1.0,Canonical Review Candidate
GP-228,Mikroanpassning inom mandat,"Automatisk justering av belastning, vila, repetitioner eller set får endast ske inom explicit kontrollnivå och riskgräns.",14,Träningspasset och den aktiva coachupplevelsen,14.189 ARKITEKTURKONTRAKT,training,v1.0,Canonical Review Candidate
GP-229,Övningsbyte ska använda substitutionsmotorn,"Ett byte under pass ska följa programfunktion, bytesorsak, säkerhetsfilter och definierad giltighet.",14,Träningspasset och den aktiva coachupplevelsen,14.189 ARKITEKTURKONTRAKT,training,v1.0,Canonical Review Candidate
GP-230,Säkerhet har företräde,"Smärta, allvarliga symptom och aktiva begränsningar ska kunna stoppa normalt progressions- och optimeringsflöde.",14,Träningspasset och den aktiva coachupplevelsen,14.189 ARKITEKTURKONTRAKT,training,v1.0,Canonical Review Candidate
GP-231,Kamera och mikrofon kräver aktivt val,Sensorer som kamera och mikrofon får endast aktiveras genom tydligt användarval och för ett definierat syfte.,14,Träningspasset och den aktiva coachupplevelsen,14.189 ARKITEKTURKONTRAKT,product,v1.0,Canonical Review Candidate
GP-232,Videoanalys är osäker assistans,AI-baserad teknikbedömning ska uttrycka osäkerhet och får inte diagnostisera skada eller medicinska tillstånd.,14,Träningspasset och den aktiva coachupplevelsen,14.189 ARKITEKTURKONTRAKT,safety,v1.0,Canonical Review Candidate
GP-233,Råmedia ska ha begränsad retention,"Råvideo, ljud och högfrekvent sensordata ska normalt inte lagras längre än uppgiften kräver utan uttryckligt användarval.",14,Träningspasset och den aktiva coachupplevelsen,14.189 ARKITEKTURKONTRAKT,data,v1.0,Canonical Review Candidate
GP-234,Offlineförmåga,Användaren ska kunna genomföra och registrera grundläggande planerat träningspass utan nätanslutning.,14,Träningspasset och den aktiva coachupplevelsen,14.189 ARKITEKTURKONTRAKT,training,v1.0,Canonical Review Candidate
GP-235,Idempotent sessionssynkronisering,"Set, aktiviteter och sessionshändelser ska kunna synkroniseras igen utan oavsiktliga dubbletter.",14,Träningspasset och den aktiva coachupplevelsen,14.189 ARKITEKTURKONTRAKT,training,v1.0,Canonical Review Candidate
GP-236,Kraschåterställning,"Ett aktivt pass ska kunna återställas efter app-, nätverks- eller enhetsfel utan att registrerade resultat förloras.",14,Träningspasset och den aktiva coachupplevelsen,14.189 ARKITEKTURKONTRAKT,training,v1.0,Canonical Review Candidate
GP-237,Begränsad livecoachning,Arnold ska leverera minsta relevanta coachning enligt användarens valda detaljnivå.,14,Träningspasset och den aktiva coachupplevelsen,14.189 ARKITEKTURKONTRAKT,agent,v1.0,Canonical Review Candidate
GP-238,Passammanfattning ska vara prioriterad,"Efter passet ska GainPilot sammanfatta huvudsyfte, viktiga resultat, avvikelser och nästa steg utan att skapa en datadump.",14,Träningspasset och den aktiva coachupplevelsen,14.189 ARKITEKTURKONTRAKT,training,v1.0,Canonical Review Candidate
GP-239,Progression kräver kvalificerat utfall,"Automatisk progression ska kräva tydlig programregel, tillräcklig datakvalitet och avsaknad av blockerande säkerhetssignal.",14,Träningspasset och den aktiva coachupplevelsen,14.189 ARKITEKTURKONTRAKT,training,v1.0,Canonical Review Candidate
GP-240,Sessioner ska vara versionshanterade och auditerbara,"Passdata, efterhandsredigeringar, permanenta byten och säkerhetshändelser ska kunna spåras och återställas.",14,Träningspasset och den aktiva coachupplevelsen,14.189 ARKITEKTURKONTRAKT,training,v1.0,Canonical Review Candidate
GP-241,Sessionsminne ska vara tillfälligt och minimerat,Hermes ska skapa ett uppgiftsbegränsat minnespaket för passet och inte leverera irrelevant Atlas- eller Omnira-kontext.,14,Träningspasset och den aktiva coachupplevelsen,14.189 ARKITEKTURKONTRAKT,training,v1.0,Canonical Review Candidate
GP-242,Branchbaserad sessionsutveckling,"Förändringar av sessionsmodell, autoreglering, timer, säkerhetsflöden, sensorer och synkronisering ska ske på separat branch med tester, pull request, granskning och kontrollerad merge.",14,Träningspasset och den aktiva coachupplevelsen,14.189 ARKITEKTURKONTRAKT,security,v1.0,Canonical Review Candidate
GP-243,Canonical medieidentitet,Varje publicerad medieresurs ska ha stabil identitet och kopplas till exakt canonical övning och variant.,15,Animerade övningsdemonstrationer och visuellt tekniskt stöd,15.198 ARKITEKTURKONTRAKT,training,v1.0,Canonical Review Candidate
GP-244,Instruktionssyfte före produktion,Varje resurs ska ha ett definierat pedagogiskt syfte innan den produceras eller licensieras.,15,Animerade övningsdemonstrationer och visuellt tekniskt stöd,15.198 ARKITEKTURKONTRAKT,product,v1.0,Canonical Review Candidate
GP-245,Teknisk korrekthet före visuell effekt,Rörelsens och utrustningens korrekthet ska alltid ha företräde framför visuell stil och varumärkeseffekt.,15,Animerade övningsdemonstrationer och visuellt tekniskt stöd,15.198 ARKITEKTURKONTRAKT,product,v1.0,Canonical Review Candidate
GP-246,Flera mediatyper,"GainPilot ska kunna använda 3D, video, stillbilder, text, ljud och interaktiv media beroende på användningsfallet.",15,Animerade övningsdemonstrationer och visuellt tekniskt stöd,15.198 ARKITEKTURKONTRAKT,product,v1.0,Canonical Review Candidate
GP-247,Variantkorrekt demonstration,Media från en närliggande övning eller variant får inte visas som om den vore den planerade canonical rörelsen.,15,Animerade övningsdemonstrationer och visuellt tekniskt stöd,15.198 ARKITEKTURKONTRAKT,training,v1.0,Canonical Review Candidate
GP-248,Begränsad snabbvy,Under aktivt träningspass ska demonstration och teknikpunkter begränsas till den minsta mängd som stödjer nästa handling.,15,Animerade övningsdemonstrationer och visuellt tekniskt stöd,15.198 ARKITEKTURKONTRAKT,training,v1.0,Canonical Review Candidate
GP-249,Individuell variation,Visuella standarder ska beskrivas som pedagogiska referenser och får inte framställas som identiska krav för alla kroppar.,15,Animerade övningsdemonstrationer och visuellt tekniskt stöd,15.198 ARKITEKTURKONTRAKT,product,v1.0,Canonical Review Candidate
GP-250,Muskelmarkering är pedagogisk förenkling,Muskelvisualisering får inte presenteras som exakt realtidsmätning eller fullständig biologisk sanning.,15,Animerade övningsdemonstrationer och visuellt tekniskt stöd,15.198 ARKITEKTURKONTRAKT,product,v1.0,Canonical Review Candidate
GP-251,Fel måste märkas tydligt,Felvisualisering får aldrig kunna förväxlas med canonical huvuddemonstration.,15,Animerade övningsdemonstrationer och visuellt tekniskt stöd,15.198 ARKITEKTURKONTRAKT,product,v1.0,Canonical Review Candidate
GP-252,Progressioner ska ha villkor,"Visuella progressioner och regressioner ska kopplas till förkunskapskrav, kvalitetskriterier och övningsgrafen.",15,Animerade övningsdemonstrationer och visuellt tekniskt stöd,15.198 ARKITEKTURKONTRAKT,training,v1.0,Canonical Review Candidate
GP-253,Hybridbibliotek,GainPilot ska kunna kombinera licensierat och egenproducerat material utan att canonical domänlogik låses till en leverantör.,15,Animerade övningsdemonstrationer och visuellt tekniskt stöd,15.198 ARKITEKTURKONTRAKT,domain,v1.0,Canonical Review Candidate
GP-254,AI är produktionsstöd,"Generativ AI får stödja styling, lokalisering och produktion men får inte ensam definiera canonical rörelsedata.",15,Animerade övningsdemonstrationer och visuellt tekniskt stöd,15.198 ARKITEKTURKONTRAKT,data,v1.0,Canonical Review Candidate
GP-255,Teknisk granskning före publicering,Allt canonical rörelsemedia ska granskas av relevant teknisk kompetens före produktionsanvändning.,15,Animerade övningsdemonstrationer och visuellt tekniskt stöd,15.198 ARKITEKTURKONTRAKT,governance,v1.0,Canonical Review Candidate
GP-256,Licensierad användning,"Varje extern resurs ska ha känd, maskinläsbar och tillämpad licensstatus.",15,Animerade övningsdemonstrationer och visuellt tekniskt stöd,15.198 ARKITEKTURKONTRAKT,product,v1.0,Canonical Review Candidate
GP-257,Tillgänglighet som kärnkrav,"Media ska ha textalternativ, minskad rörelse, ljudoberoende information och tillräcklig kontrast.",15,Animerade övningsdemonstrationer och visuellt tekniskt stöd,15.198 ARKITEKTURKONTRAKT,product,v1.0,Canonical Review Candidate
GP-258,Versionshanterad media,"Media, metadata, text, ljud, licens och canonical koppling ska versioneras.",15,Animerade övningsdemonstrationer och visuellt tekniskt stöd,15.198 ARKITEKTURKONTRAKT,data,v1.0,Canonical Review Candidate
GP-259,Snabb avpublicering,"Felaktig, osäker eller rättighetsmässigt ogiltig media ska kunna avpubliceras och ersättas med fallback utan full klientrelease.",15,Animerade övningsdemonstrationer och visuellt tekniskt stöd,15.198 ARKITEKTURKONTRAKT,product,v1.0,Canonical Review Candidate
GP-260,Begränsad privat mediaåtkomst,Användarvideo och bilder ska vara privata som standard och endast delas genom Hermes och explicit mandat.,15,Animerade övningsdemonstrationer och visuellt tekniskt stöd,15.198 ARKITEKTURKONTRAKT,memory,v1.0,Canonical Review Candidate
GP-261,Begränsad retention av råmedia,"Privat råvideo, ljud och bilder ska normalt raderas när uppgiften är klar om användaren inte aktivt väljer att spara dem.",15,Animerade övningsdemonstrationer och visuellt tekniskt stöd,15.198 ARKITEKTURKONTRAKT,product,v1.0,Canonical Review Candidate
GP-262,Offlinefallback,Grundläggande instruktion och relevant godkänd media ska kunna vara tillgänglig under offlinepass när licens och lagringspolicy tillåter det.,15,Animerade övningsdemonstrationer och visuellt tekniskt stöd,15.198 ARKITEKTURKONTRAKT,training,v1.0,Canonical Review Candidate
GP-263,Observerbar medieleverans,"Det ska gå att spåra vilken version, vinkel, källa och fallback som användes utan att exponera privat innehåll.",15,Animerade övningsdemonstrationer och visuellt tekniskt stöd,15.198 ARKITEKTURKONTRAKT,product,v1.0,Canonical Review Candidate
GP-264,Branch- och gatebaserad medieutveckling,"Förändringar av mediaarkitektur, canonical koppling, produktionspipeline, tekniktext och publiceringsregler ska ske genom separat branch, kvalitetstester, granskning och kontrollerad publicering.",15,Animerade övningsdemonstrationer och visuellt tekniskt stöd,15.198 ARKITEKTURKONTRAKT,governance,v1.0,Canonical Review Candidate
GP-265,Kostplanen ska vara genomförbar,"GainPilot ska prioritera praktisk, säker och hållbar kostplanering framför teoretisk maximal precision.",16,"Kostplanering, recept och intelligenta måltidsbyten",16.217 ARKITEKTURKONTRAKT,nutrition,v1.0,Canonical Review Candidate
GP-266,Canonical kostmodell,"Kostmål, måltider, recept, ingredienser, portioner, byten, säkerhetsregler och utfall ska representeras strukturerat och versionshanterat.",16,"Kostplanering, recept och intelligenta måltidsbyten",16.217 ARKITEKTURKONTRAKT,nutrition,v1.0,Canonical Review Candidate
GP-267,Detaljnivån ska vara användarstyrd,GainPilot ska stödja allt från enkla riktlinjer till detaljerad loggning utan att kräva samma precision av alla.,16,"Kostplanering, recept och intelligenta måltidsbyten",16.217 ARKITEKTURKONTRAKT,data,v1.0,Canonical Review Candidate
GP-268,Energi- och näringsvärden är uppskattningar,"Beräknade behov, näringsvärden och restaurangmåltider ska uttrycka relevant osäkerhet.",16,"Kostplanering, recept och intelligenta måltidsbyten",16.217 ARKITEKTURKONTRAKT,nutrition,v1.0,Canonical Review Candidate
GP-269,Planerat och faktiskt intag ska separeras,"Planerad måltid, användarens byte och faktiskt genomförande ska bevaras som separata datanivåer.",16,"Kostplanering, recept och intelligenta måltidsbyten",16.217 ARKITEKTURKONTRAKT,nutrition,v1.0,Canonical Review Candidate
GP-270,Canonical ingrediensidentitet,Ingredienser och produkter ska identifieras strukturerat och inte enbart genom fritext.,16,"Kostplanering, recept och intelligenta måltidsbyten",16.217 ARKITEKTURKONTRAKT,product,v1.0,Canonical Review Candidate
GP-271,Rå och tillagad mängd ska skiljas,"Vikt, volym och näringsberäkning ska ange vilken livsmedelsform som avses.",16,"Kostplanering, recept och intelligenta måltidsbyten",16.217 ARKITEKTURKONTRAKT,nutrition,v1.0,Canonical Review Candidate
GP-272,Provenance för näringsdata,"Näringsvärden, priser, allergener och produktinformation ska ha känd källa, aktualitet och säkerhetsnivå.",16,"Kostplanering, recept och intelligenta måltidsbyten",16.217 ARKITEKTURKONTRAKT,nutrition,v1.0,Canonical Review Candidate
GP-273,Allergier har absolut säkerhetsprioritet,"Aktiva allergier får inte övertrumfas av preferens, popularitet, pris, sponsring eller automatisk substitution.",16,"Kostplanering, recept och intelligenta måltidsbyten",16.217 ARKITEKTURKONTRAKT,security,v1.0,Canonical Review Candidate
GP-274,Medicinska kostbehov kräver särskilt scope,"GainPilot får inte skapa, ändra eller tolka medicinska kostupplägg utanför definierad professionell och användargodkänd ram.",16,"Kostplanering, recept och intelligenta måltidsbyten",16.217 ARKITEKTURKONTRAKT,nutrition,v1.0,Canonical Review Candidate
GP-275,Måltidsbyte ska bevara funktion,"Måltidsbyten ska utgå från måltidens syfte, säkerhet, användarens önskemål och praktiska begränsningar — inte enbart från kalorilikhet.",16,"Kostplanering, recept och intelligenta måltidsbyten",16.217 ARKITEKTURKONTRAKT,nutrition,v1.0,Canonical Review Candidate
GP-276,Bytesorsaken ska påverka valet,"Saknad ingrediens, tidsbrist, budget, smak, restaurang och kostval ska behandlas som olika bytesproblem.",16,"Kostplanering, recept och intelligenta måltidsbyten",16.217 ARKITEKTURKONTRAKT,nutrition,v1.0,Canonical Review Candidate
GP-277,Tillfälligt byte är inte permanent preferens,En enskild måltidsändring får inte automatiskt förändra användarens långsiktiga kostprofil.,16,"Kostplanering, recept och intelligenta måltidsbyten",16.217 ARKITEKTURKONTRAKT,nutrition,v1.0,Canonical Review Candidate
GP-278,Reservmåltider ska vara planerade,"GainPilot ska erbjuda säkra, enkla och relevanta reservmåltider innan vardagsproblem uppstår.",16,"Kostplanering, recept och intelligenta måltidsbyten",16.217 ARKITEKTURKONTRAKT,nutrition,v1.0,Canonical Review Candidate
GP-279,Ingen kompensatorisk skuld,"En avvikande måltid får inte automatiskt leda till extrem restriktion, överdriven träning eller moraliserande återkoppling.",16,"Kostplanering, recept och intelligenta måltidsbyten",16.217 ARKITEKTURKONTRAKT,nutrition,v1.0,Canonical Review Candidate
GP-280,Recept ska vara granskningsbara,"Canonical recept ska ha källa, ingrediensmodell, allergenkontroll, portionslogik, praktisk validering och versionsstatus.",16,"Kostplanering, recept och intelligenta måltidsbyten",16.217 ARKITEKTURKONTRAKT,nutrition,v1.0,Canonical Review Candidate
GP-281,AI-recept är utkast före granskning,Generativ AI får skapa privata receptförslag men inte direkt publicera canonical recept eller säkerhetskritiska instruktioner.,16,"Kostplanering, recept och intelligenta måltidsbyten",16.217 ARKITEKTURKONTRAKT,nutrition,v1.0,Canonical Review Candidate
GP-282,Familjemåltider utan dold profilering,GainPilot ska kunna skala gemensamma måltider utan att skapa onödiga eller känsliga profiler om andra hushållsmedlemmar.,16,"Kostplanering, recept och intelligenta måltidsbyten",16.217 ARKITEKTURKONTRAKT,nutrition,v1.0,Canonical Review Candidate
GP-283,Minimerad kostkontext,"Hermes ska dela den minsta kalender-, familje-, inköps- och hälsokontext som kostuppgiften kräver.",16,"Kostplanering, recept och intelligenta måltidsbyten",16.217 ARKITEKTURKONTRAKT,nutrition,v1.0,Canonical Review Candidate
GP-284,Privat måltidsmedia,"Måltidsbilder, etikettfoton och privata recept ska vara privata som standard och ha begränsad retention.",16,"Kostplanering, recept och intelligenta måltidsbyten",16.217 ARKITEKTURKONTRAKT,nutrition,v1.0,Canonical Review Candidate
GP-285,Idempotent och offlinekapabel kostlogg,Måltider och ändringar ska kunna registreras offline och synkroniseras utan dubbletter eller tyst dataförlust.,16,"Kostplanering, recept och intelligenta måltidsbyten",16.217 ARKITEKTURKONTRAKT,nutrition,v1.0,Canonical Review Candidate
GP-286,Branch- och gatebaserad kostutveckling,"Förändringar av kostmodell, allergenregler, receptmotor, byteslogik och canonical innehåll ska ske genom separat branch eller innehållsgren, tester, granskning och kontrollerad publicering.",16,"Kostplanering, recept och intelligenta måltidsbyten",16.217 ARKITEKTURKONTRAKT,nutrition,v1.0,Canonical Review Candidate
GP-287,Progression är flerdimensionell,"GainPilot ska mäta relevant utveckling inom prestation, teknik, genomförbarhet, kontinuitet, kost, återhämtning och användarupplevelse — inte genom en enda universell poäng.",17,"Progression, statistik och återkoppling",17.217 ARKITEKTURKONTRAKT,nutrition,v1.0,Canonical Review Candidate
GP-288,"Mätvärde, trend, tolkning och rekommendation ska separeras","Observerad data, beräkning, analys och åtgärd ska vara skilda och spårbara lager.",17,"Progression, statistik och återkoppling",17.217 ARKITEKTURKONTRAKT,data,v1.0,Canonical Review Candidate
GP-289,Provenance för statistik,"Varje viktigt mätvärde och varje beräknad trend ska ha källa, tidpunkt, modellversion och datakvalitet.",17,"Progression, statistik och återkoppling",17.217 ARKITEKTURKONTRAKT,data,v1.0,Canonical Review Candidate
GP-290,Trend före enskilt värde,GainPilot ska normalt använda flera jämförbara datapunkter innan en förändring klassificeras som progression eller tillbakagång.,17,"Progression, statistik och återkoppling",17.217 ARKITEKTURKONTRAKT,training,v1.0,Canonical Review Candidate
GP-291,Domänspecifika tidsfönster,"Trendfönster och stabilitetskrav ska anpassas efter måttets biologiska, praktiska och tekniska egenskaper.",17,"Progression, statistik och återkoppling",17.217 ARKITEKTURKONTRAKT,training,v1.0,Canonical Review Candidate
GP-292,Jämförbarhet före analys,"Resultat från olika övningsvarianter, standarder, miljöer, sensorer eller mätmetoder får inte jämföras direkt utan tydlig kontext.",17,"Progression, statistik och återkoppling",17.217 ARKITEKTURKONTRAKT,training,v1.0,Canonical Review Candidate
GP-293,Osäkerhet ska vara synlig,"GainPilot ska uttrycka när underlaget är begränsat, modellen är osäker eller förändringen kan ligga inom normal variation.",17,"Progression, statistik och återkoppling",17.217 ARKITEKTURKONTRAKT,safety,v1.0,Canonical Review Candidate
GP-294,Processmål ska synliggöras,Användaren ska kunna få återkoppling på fungerande process och kontinuitet även innan slutresultatet har förändrats.,17,"Progression, statistik och återkoppling",17.217 ARKITEKTURKONTRAKT,operations,v1.0,Canonical Review Candidate
GP-295,Kontrollerad anpassning räknas som följsamhet,"Godkända reservpass, kortversioner, måltidsbyten och minimilägen får inte automatiskt klassificeras som misslyckanden.",17,"Progression, statistik och återkoppling",17.217 ARKITEKTURKONTRAKT,nutrition,v1.0,Canonical Review Candidate
GP-296,Planeringskvalitet ska mätas,Återkommande missade eller flyttade aktiviteter ska kunna analyseras som problem i planen och inte endast i användarens beteende.,17,"Progression, statistik och återkoppling",17.217 ARKITEKTURKONTRAKT,data,v1.0,Canonical Review Candidate
GP-297,Kvalitativa framsteg är giltiga,"GainPilot ska kunna dokumentera teknik, självständighet, trygghet och fungerande vanor utan att tvinga fram en falsk numerisk poäng.",17,"Progression, statistik och återkoppling",17.217 ARKITEKTURKONTRAKT,safety,v1.0,Canonical Review Candidate
GP-298,Korrelation är inte orsak,"Samband mellan sömn, kost, kalender, återhämtning och prestation ska beskrivas som möjliga relationer om orsak inte kan fastställas.",17,"Progression, statistik och återkoppling",17.217 ARKITEKTURKONTRAKT,nutrition,v1.0,Canonical Review Candidate
GP-299,Överreaktion ska förhindras,"Enskilda avvikelser får inte skriva om program, kostplan eller användarprofil om signalen inte är säkerhetskritisk.",17,"Progression, statistik och återkoppling",17.217 ARKITEKTURKONTRAKT,nutrition,v1.0,Canonical Review Candidate
GP-300,Platå kräver kvalificerad bedömning,"En platå ska kräva tillräcklig tidsperiod, jämförbar data och analys av plan, följsamhet och återhämtning.",17,"Progression, statistik och återkoppling",17.217 ARKITEKTURKONTRAKT,data,v1.0,Canonical Review Candidate
GP-301,"Prognoser är scenarier, inte garantier","Framtida utveckling ska uttryckas genom intervall, antaganden och osäkerhet.",17,"Progression, statistik och återkoppling",17.217 ARKITEKTURKONTRAKT,safety,v1.0,Canonical Review Candidate
GP-302,Personlig jämförelse före populationsjämförelse,"GainPilot ska i första hand bedöma användaren mot den egna baslinjen, målet och planen.",17,"Progression, statistik och återkoppling",17.217 ARKITEKTURKONTRAKT,product,v1.0,Canonical Review Candidate
GP-303,Ingen ogenomskinlig hälsopoäng,"Systemet får inte reducera användarens kropp, kost, sömn, träning och välmående till ett oförklarligt globalt hälsotal.",17,"Progression, statistik och återkoppling",17.217 ARKITEKTURKONTRAKT,nutrition,v1.0,Canonical Review Candidate
GP-304,Förklarbar rekommendation,"Varje betydelsefull rekommendation ska kunna förklaras genom använda data, jämförelseperiod, osäkerhet och beslutsregel.",17,"Progression, statistik och återkoppling",17.217 ARKITEKTURKONTRAKT,safety,v1.0,Canonical Review Candidate
GP-305,Analys får inte skriva direkt,"Statistik- och analysmotorer får inte ändra program, kostmål, säkerhetsregler eller minnen utan respektive domäns mandat och approvalprocess.",17,"Progression, statistik och återkoppling",17.217 ARKITEKTURKONTRAKT,nutrition,v1.0,Canonical Review Candidate
GP-306,Modellversionering,"Analysmodeller, beräkningar, trendalgoritmer och rekommendationsregler ska ha identitet, version och rollback.",17,"Progression, statistik och återkoppling",17.217 ARKITEKTURKONTRAKT,data,v1.0,Canonical Review Candidate
GP-307,Användaren får korrigera analysen,"Användaren ska kunna korrigera data, avvisa slutsatser och markera att kontext saknas.",17,"Progression, statistik och återkoppling",17.217 ARKITEKTURKONTRAKT,data,v1.0,Canonical Review Candidate
GP-308,Minimerad analyskontext,Hermes ska leverera den minsta datamängd som krävs för aktuell analys och hindra obegränsad domänkombination.,17,"Progression, statistik och återkoppling",17.217 ARKITEKTURKONTRAKT,memory,v1.0,Canonical Review Candidate
GP-309,Privat statistik,"Kroppsmått, kroppsvikt, bilder, kostdata och återhämtningssignaler ska vara privata som standard och ha granulär delning.",17,"Progression, statistik och återkoppling",17.217 ARKITEKTURKONTRAKT,nutrition,v1.0,Canonical Review Candidate
GP-310,Branch- och modellstyrd utveckling,"Förändringar av analysmodeller, statistikvyer, prognoser, rekommendationer och datakombinationer ska ske genom separat branch, validering, tester, granskning och kontrollerad utrullning.",17,"Progression, statistik och återkoppling",17.217 ARKITEKTURKONTRAKT,data,v1.0,Canonical Review Candidate
GP-311,"Motivation är en signal, inte en identitet",GainPilot får inte klassificera användarens karaktär eller värde utifrån tillfällig motivation eller följsamhet.,18,"Motivation, följsamhet och coachkommunikation",18.233 ARKITEKTURKONTRAKT,data,v1.0,Canonical Review Candidate
GP-312,Följsamhet är ett systemresultat,"Återkommande avvikelser ska analyseras i relation till mål, plan, tid, friktion, återhämtning och kommunikation — inte endast användarens disciplin.",18,"Motivation, följsamhet och coachkommunikation",18.233 ARKITEKTURKONTRAKT,data,v1.0,Canonical Review Candidate
GP-313,Kommunikationssyfte före kontakt,Varje proaktiv kommunikation ska ha ett definierat användarvärde och får inte skickas enbart för att öka engagemangsmetrik.,18,"Motivation, följsamhet och coachkommunikation",18.233 ARKITEKTURKONTRAKT,product,v1.0,Canonical Review Candidate
GP-314,Användarstyrd kommunikation,"Användaren ska kunna styra typ, kanal, tid, frekvens, ton och detaljnivå för vanlig coachkommunikation.",18,"Motivation, följsamhet och coachkommunikation",18.233 ARKITEKTURKONTRAKT,agent,v1.0,Canonical Review Candidate
GP-315,Säkerhet före engagemang,GainPilot får inte försvaga säkerhetsbudskap eller pressa användaren till aktivitet för att förbättra engagemang eller följsamhet.,18,"Motivation, följsamhet och coachkommunikation",18.233 ARKITEKTURKONTRAKT,safety,v1.0,Canonical Review Candidate
GP-316,Ingen skuld eller manipulation,"Arnold får inte använda skuld, skam, rädsla, artificiell brådska, relationspress eller bekräftelseskam.",18,"Motivation, följsamhet och coachkommunikation",18.233 ARKITEKTURKONTRAKT,agent,v1.0,Canonical Review Candidate
GP-317,Arnold ska stödja självständighet,"Coachningen ska göra användaren mer kapabel att förstå och hantera sin plan, inte mer beroende av AI-systemet.",18,"Motivation, följsamhet och coachkommunikation",18.233 ARKITEKTURKONTRAKT,agent,v1.0,Canonical Review Candidate
GP-318,Ton förändrar inte policy,"Personlighet, humor, direkthet och användarvald coachstil får inte förändra fakta, säkerhetsregler eller behörigheter.",18,"Motivation, följsamhet och coachkommunikation",18.233 ARKITEKTURKONTRAKT,agent,v1.0,Canonical Review Candidate
GP-319,Specifik och sann återkoppling,"Beröm, kritik och motiverande återkoppling ska grunda sig i verklig data eller uttrycklig användarfeedback.",18,"Motivation, följsamhet och coachkommunikation",18.233 ARKITEKTURKONTRAKT,data,v1.0,Canonical Review Candidate
GP-320,Funktionsbevarande anpassning är följsamhet,"Godkända kortversioner, reservpass, måltidsbyten, pauser och minimilägen ska bedömas efter vilken planfunktion de bevarar.",18,"Motivation, följsamhet och coachkommunikation",18.233 ARKITEKTURKONTRAKT,nutrition,v1.0,Canonical Review Candidate
GP-321,Kärnplan före full plan,GainPilot ska kunna skilja följsamhet till planens viktigaste delar från genomförandet av valbara tillägg.,18,"Motivation, följsamhet och coachkommunikation",18.233 ARKITEKTURKONTRAKT,roadmap,v1.0,Canonical Review Candidate
GP-322,Hinder före press,"När användaren inte genomför planen ska GainPilot först undersöka praktiska, kunskapsmässiga, återhämtningsrelaterade och målrelaterade hinder.",18,"Motivation, följsamhet och coachkommunikation",18.233 ARKITEKTURKONTRAKT,operations,v1.0,Canonical Review Candidate
GP-323,Återgång utan skuld,"Återengagemang efter avbrott ska fokusera på aktuell situation, användarens mål och ett säkert nästa steg.",18,"Motivation, följsamhet och coachkommunikation",18.233 ARKITEKTURKONTRAKT,product,v1.0,Canonical Review Candidate
GP-324,Begränsad återkontakt,Inaktivitet får inte utlösa obegränsade eller allt mer påträngande återengagemangsmeddelanden.,18,"Motivation, följsamhet och coachkommunikation",18.233 ARKITEKTURKONTRAKT,product,v1.0,Canonical Review Candidate
GP-325,Ingen terapeutisk imitation,"Arnold får vara stödjande men får inte framställa sig som terapeut, diagnostisera psykisk ohälsa eller bedriva behandling.",18,"Motivation, följsamhet och coachkommunikation",18.233 ARKITEKTURKONTRAKT,agent,v1.0,Canonical Review Candidate
GP-326,Känsliga signaler stoppar vanlig motivation,"Signal om självskada, allvarlig ätproblematik, medicinsk fara eller tvångsmässig träning ska aktivera särskilt säkerhetsflöde.",18,"Motivation, följsamhet och coachkommunikation",18.233 ARKITEKTURKONTRAKT,training,v1.0,Canonical Review Candidate
GP-327,Kommersiell separation,"Reklam, sponsring, affiliateinnehåll och abonnemangsförslag ska vara tydligt separerade från oberoende coachning.",18,"Motivation, följsamhet och coachkommunikation",18.233 ARKITEKTURKONTRAKT,agent,v1.0,Canonical Review Candidate
GP-328,Minimerad kommunikationskontext,Hermes ska leverera den minsta personliga kontext som krävs och hindra att privat information används enbart för att göra kommunikationen mer personlig.,18,"Motivation, följsamhet och coachkommunikation",18.233 ARKITEKTURKONTRAKT,memory,v1.0,Canonical Review Candidate
GP-329,Idempotent och frekvensbegränsad leverans,"Kommunikationssystemet ska förhindra dubbletter, respektera tysta perioder och tillämpa tydliga frekvensgränser.",18,"Motivation, följsamhet och coachkommunikation",18.233 ARKITEKTURKONTRAKT,product,v1.0,Canonical Review Candidate
GP-330,Generering är inte leveransbeslut,Språkmodellen som formulerar ett meddelande ska inte ensam besluta att användaren ska kontaktas.,18,"Motivation, följsamhet och coachkommunikation",18.233 ARKITEKTURKONTRAKT,product,v1.0,Canonical Review Candidate
GP-331,Kommunikation ska vara versionshanterad,"Mallar, modeller, tonregler, frekvenspolicy och högriskmeddelanden ska ha version, teststatus och rollback.",18,"Motivation, följsamhet och coachkommunikation",18.233 ARKITEKTURKONTRAKT,safety,v1.0,Canonical Review Candidate
GP-332,Branch- och etikstyrd kommunikationsutveckling,"Förändringar av coachton, motivation, proaktiv kontakt, gamification och återengagemang ska ske genom separat branch, etisk granskning, tester och kontrollerad utrullning.",18,"Motivation, följsamhet och coachkommunikation",18.233 ARKITEKTURKONTRAKT,agent,v1.0,Canonical Review Candidate
GP-333,"Gemensam kärna, domänspecifik intelligens","GainPilot ska återanvända gemensamma plattformsbegrepp men ge varje träningsdomän egna modeller, regler, säkerhetskrav och progressionssystem.",19,"CrossFit, calisthenics och framtida träningsdomäner",19.199 ARKITEKTURKONTRAKT,training,v1.0,Canonical Review Candidate
GP-334,Ingen förstörande universalmodell,"Ingen träningsdomän får tvingas in i set-, repetitions- och belastningsformat när dess faktiska struktur kräver andra begrepp.",19,"CrossFit, calisthenics och framtida träningsdomäner",19.199 ARKITEKTURKONTRAKT,training,v1.0,Canonical Review Candidate
GP-335,Versionerade domänpaket,"Varje träningsdomän ska ha identifierad version, stödnivå, datamodell, säkerhetsmodell, progression och teststatus.",19,"CrossFit, calisthenics och framtida träningsdomäner",19.199 ARKITEKTURKONTRAKT,training,v1.0,Canonical Review Candidate
GP-336,Domänkontext ska bevaras,En aktivitet ska behålla sitt syfte och sin domän även när samma rörelse används inom flera träningsformer.,19,"CrossFit, calisthenics och framtida träningsdomäner",19.199 ARKITEKTURKONTRAKT,training,v1.0,Canonical Review Candidate
GP-337,CrossFit-workouts ska vara strukturerade,"AMRAP, EMOM, rounds for time, chipper, ladder, intervaller, time cap och score ska representeras som strukturerad canonical data.",19,"CrossFit, calisthenics och framtida träningsdomäner",19.199 ARKITEKTURKONTRAKT,training,v1.0,Canonical Review Candidate
GP-338,Scaling ska bevara stimulus,"CrossFit-scaling ska i första hand bevara workoutens avsedda tidsprofil, rörelsefunktion, intensitet och användarsäkerhet.",19,"CrossFit, calisthenics och framtida träningsdomäner",19.199 ARKITEKTURKONTRAKT,training,v1.0,Canonical Review Candidate
GP-339,RX och scaled ska vara explicita versioner,"Resultat får endast jämföras som likvärdiga när workoutversion, scaling, standard och scoreformat är kompatibla.",19,"CrossFit, calisthenics och framtida träningsdomäner",19.199 ARKITEKTURKONTRAKT,product,v1.0,Canonical Review Candidate
GP-340,Rörelsestandard ska versioneras,"CrossFit-standarder, tävlingskrav och no-rep-definitioner ska ha känd version och provenance.",19,"CrossFit, calisthenics och framtida träningsdomäner",19.199 ARKITEKTURKONTRAKT,training,v1.0,Canonical Review Candidate
GP-341,Score före global poäng,CrossFit-resultat ska behålla sina domänspecifika scoreformat och får inte reduceras till en ogenomskinlig universell fitnesspoäng.,19,"CrossFit, calisthenics och framtida träningsdomäner",19.199 ARKITEKTURKONTRAKT,training,v1.0,Canonical Review Candidate
GP-342,Skills ska representeras som grafer,"Calisthenicsprogression ska använda prerequisites, parallella vägar, regressions, assistans och kvalitetskrav — inte endast linjära nivålistor.",19,"CrossFit, calisthenics och framtida träningsdomäner",19.199 ARKITEKTURKONTRAKT,training,v1.0,Canonical Review Candidate
GP-343,Kvalitet före svårighetsgrad,"En användare ska inte flyttas till svårare calisthenicsprogression enbart utifrån tid eller repetitionsantal utan bedömning av kontroll, stabilitet och säkerhet.",19,"CrossFit, calisthenics och framtida träningsdomäner",19.199 ARKITEKTURKONTRAKT,training,v1.0,Canonical Review Candidate
GP-344,Assistans ska ha metodkontext,"Band, vägg, partner, maskin och andra assistansformer ska lagras separat och inte jämföras som identiska nivåer.",19,"CrossFit, calisthenics och framtida träningsdomäner",19.199 ARKITEKTURKONTRAKT,compliance,v1.0,Canonical Review Candidate
GP-345,Ett lyckat försök är inte full behärskning,Skillstatus ska kräva tillräcklig stabilitet och får inte höjas permanent efter ett enskilt lyckat försök.,19,"CrossFit, calisthenics och framtida träningsdomäner",19.199 ARKITEKTURKONTRAKT,product,v1.0,Canonical Review Candidate
GP-346,Domänspecifik substitution,"Substitutioner ska använda den aktiva domänens funktion, stimulus, progression, teknik och säkerhetsmodell.",19,"CrossFit, calisthenics och framtida träningsdomäner",19.199 ARKITEKTURKONTRAKT,training,v1.0,Canonical Review Candidate
GP-347,Domäninterferens ska analyseras,"När flera träningsformer kombineras ska GainPilot analysera konkurrerande belastning, återhämtning, teknik och prioritet.",19,"CrossFit, calisthenics och framtida träningsdomäner",19.199 ARKITEKTURKONTRAKT,training,v1.0,Canonical Review Candidate
GP-348,Ny domän kräver expertis,En ny specialiserad träningsdomän får inte bli canonical utan relevant mänsklig expertgranskning och dokumenterad kunskapsprovenance.,19,"CrossFit, calisthenics och framtida träningsdomäner",19.199 ARKITEKTURKONTRAKT,training,v1.0,Canonical Review Candidate
GP-349,Domänkompetens ska deklareras,"Agenter, modeller och coachfunktioner ska uttryckligen ange vilka träningsdomäner och användarnivåer de är validerade för.",19,"CrossFit, calisthenics och framtida träningsdomäner",19.199 ARKITEKTURKONTRAKT,training,v1.0,Canonical Review Candidate
GP-350,Okänd aktivitet ska förbli okänd,"GainPilot får inte hallucinera klassificering, progression eller analys för en aktivitet som systemet inte förstår.",19,"CrossFit, calisthenics och framtida träningsdomäner",19.199 ARKITEKTURKONTRAKT,training,v1.0,Canonical Review Candidate
GP-351,Domänmedia kräver teknisk validering,"Animation, video och kameraanalys ska granskas mot domänens faktiska rörelse, standard och biomekanik.",19,"CrossFit, calisthenics och framtida träningsdomäner",19.199 ARKITEKTURKONTRAKT,data,v1.0,Canonical Review Candidate
GP-352,Domänspecifik säkerhet,"Varje träningsdomän ska definiera egna risker, miljökrav, utrustningskrav, stoppkriterier och professionella gränser.",19,"CrossFit, calisthenics och framtida träningsdomäner",19.199 ARKITEKTURKONTRAKT,training,v1.0,Canonical Review Candidate
GP-353,Domänminne ska isoleras,"CrossFit-, calisthenics- och andra domänminnen ska delas genom Hermes och får inte automatiskt spridas till andra projekt eller aktörer.",19,"CrossFit, calisthenics och framtida träningsdomäner",19.199 ARKITEKTURKONTRAKT,training,v1.0,Canonical Review Candidate
GP-354,Adapterbaserad utbyggnad,Nya träningsdomäner och externa plattformar ska ansluta genom versionerade adapterkontrakt utan att bryta den gemensamma träningskärnan.,19,"CrossFit, calisthenics och framtida träningsdomäner",19.199 ARKITEKTURKONTRAKT,training,v1.0,Canonical Review Candidate
GP-355,Domänresultat ska vara portabla,"Användaren ska kunna exportera domänspecifik historik med begriplig struktur, enheter, standarder och provenance.",19,"CrossFit, calisthenics och framtida träningsdomäner",19.199 ARKITEKTURKONTRAKT,domain,v1.0,Canonical Review Candidate
GP-356,Branch- och expertstyrd domänutveckling,"Nya domäner, progressioner, scalingregler, standarder och säkerhetsmodeller ska utvecklas på separat branch genom tester, expertgranskning, shadow mode och kontrollerad utrullning.",19,"CrossFit, calisthenics och framtida träningsdomäner",19.199 ARKITEKTURKONTRAKT,training,v1.0,Canonical Review Candidate
GP-357,GainPilot är en fullvärdig Omnira-domän,"GainPilot ska ha egen produktlogik, datamodell, riskmodell, agenter och verksamhetsstyrning samtidigt som gemensamma Omnira-förmågor återanvänds.",20,GainPilot som Omnira-domän,20.226 ARKITEKTURKONTRAKT,agent,v1.0,Canonical Review Candidate
GP-358,"Omnira är kontrollplan, inte domänersättning","Omnira ska tillhandahålla styrning, identitet, minnesgränser, approvals och agentsamordning utan att skriva över GainPilots specialistlogik.",20,GainPilot som Omnira-domän,20.226 ARKITEKTURKONTRAKT,memory,v1.0,Canonical Review Candidate
GP-359,Explicit bounded context,"GainPilot-begrepp, data och beslut ska ha en tydlig domängräns och får inte blandas med andra projekt genom generella otypade objekt.",20,GainPilot som Omnira-domän,20.226 ARKITEKTURKONTRAKT,data,v1.0,Canonical Review Candidate
GP-360,Tenant- och användarisolering,"All GainPilot-data, alla minnen, filer, index, köer, loggar och agentkontexter ska vara tenant- och användarscopeade.",20,GainPilot som Omnira-domän,20.226 ARKITEKTURKONTRAKT,memory,v1.0,Canonical Review Candidate
GP-361,Capabilitybaserad integration,"Omnira, Atlas, Arnold och andra agenter ska agera genom identifierade GainPilot-capabilities med explicit risk, behörighet och approval.",20,GainPilot som Omnira-domän,20.226 ARKITEKTURKONTRAKT,agent,v1.0,Canonical Review Candidate
GP-362,Versionerade domänkontrakt,"Kommandon, queries, events, signals, approvals och data envelopes mellan GainPilot och Omnira ska vara versionerade och tenantmedvetna.",20,GainPilot som Omnira-domän,20.226 ARKITEKTURKONTRAKT,authority,v1.0,Canonical Review Candidate
GP-363,Minimerad domänöverskridande data,"Data som passerar GainPilots gräns ska vara syftesbunden, klassificerad och minimerad, med säkra referenser i stället för fullständiga kopior där möjligt.",20,GainPilot som Omnira-domän,20.226 ARKITEKTURKONTRAKT,training,v1.0,Canonical Review Candidate
GP-364,Hermes är obligatorisk minnesgräns,"Atlas, Arnold, andra domäner och externa system får inte läsa eller skriva GainPilot-minne utanför Hermes godkända scope.",20,GainPilot som Omnira-domän,20.226 ARKITEKTURKONTRAKT,memory,v1.0,Canonical Review Candidate
GP-365,Central intelligens utan central genväg,"Atlas får samordna och analysera GainPilot men får inte kringgå domänregler, approvals, säkerhetskontroller eller användarens mandat.",20,GainPilot som Omnira-domän,20.226 ARKITEKTURKONTRAKT,agent,v1.0,Canonical Review Candidate
GP-366,Delegering skapar inte behörighet,"Den effektiva behörigheten ska alltid begränsas av agentens, domänens, tenantens, användarens och systemets mest restriktiva tillämpliga policy.",20,GainPilot som Omnira-domän,20.226 ARKITEKTURKONTRAKT,agent,v1.0,Canonical Review Candidate
GP-367,Authority ska beviljas per capability,"Autonomi får inte ges som ett globalt agentprivilegium utan ska scopeas till funktion, projekt, datatyp, integration, användare och tidsperiod.",20,GainPilot som Omnira-domän,20.226 ARKITEKTURKONTRAKT,agent,v1.0,Canonical Review Candidate
GP-368,Förtjänad bounded autonomy,"Agentautonomi ska höjas genom verifierad kvalitet och kunna löpa ut, pausas eller återkallas efter incident, modellbyte eller policyförändring.",20,GainPilot som Omnira-domän,20.226 ARKITEKTURKONTRAKT,agent,v1.0,Canonical Review Candidate
GP-369,Degraderad självständighet,"GainPilots kritiska användarflöden ska kunna fortsätta säkert när Atlas, externa modeller eller mjuka Omnira-beroenden är otillgängliga.",20,GainPilot som Omnira-domän,20.226 ARKITEKTURKONTRAKT,agent,v1.0,Canonical Review Candidate
GP-370,Idempotenta och återhämtningsbara workflows,"Betydelsefulla GainPilot-workflows ska hantera retries, dubbletter, unknown outcome, compensation och verifierad återhämtning.",20,GainPilot som Omnira-domän,20.226 ARKITEKTURKONTRAKT,operations,v1.0,Canonical Review Candidate
GP-371,Observerbar domän,"GainPilots tjänster, agenter, workflows, kostnader, integrationer, beslut och säkerhetssignaler ska vara observerbara utan att känsliga payloads kopieras i onödan.",20,GainPilot som Omnira-domän,20.226 ARKITEKTURKONTRAKT,nutrition,v1.0,Canonical Review Candidate
GP-372,Domänspecifikt nödstopp,"GainPilot ska kunna stoppa en agent, capability, integration eller workflow utan att hela Omnira eller användarens lokala grundfunktioner måste stängas ned.",20,GainPilot som Omnira-domän,20.226 ARKITEKTURKONTRAKT,agent,v1.0,Canonical Review Candidate
GP-373,Secrets ska förbli i valv,"Lösenord, tokens, API-nycklar och certifikat får inte lagras i kod, prompts, dokumentation, användarminnen eller agentkontext.",20,GainPilot som Omnira-domän,20.226 ARKITEKTURKONTRAKT,memory,v1.0,Canonical Review Candidate
GP-374,Miljö- och produktionsisolering,"Utveckling, test, preview, staging och produktion ska vara tydligt separerade, och produktionsdata får inte återanvändas okontrollerat.",20,GainPilot som Omnira-domän,20.226 ARKITEKTURKONTRAKT,data,v1.0,Canonical Review Candidate
GP-375,Canonical kunskap ska vara versionsstyrd,"Godkänd GainPilot-arkitektur ska integreras som spårbar kunskap, medan körbara policies, schema och tester ska kompileras till tekniskt validerbara format.",20,GainPilot som Omnira-domän,20.226 ARKITEKTURKONTRAKT,data,v1.0,Canonical Review Candidate
GP-376,Ingen tyst avvikelse från canonical vision,"Implementation som avviker från godkända GainPilot-kontrakt ska dokumenteras, konsekvensbedömas och godkännas.",20,GainPilot som Omnira-domän,20.226 ARKITEKTURKONTRAKT,governance,v1.0,Canonical Review Candidate
GP-377,Agentdriven utveckling kräver isolerat arbetsflöde,"Alla normala förändringar ska ske genom godkänt scope, ren arbetsyta, separat branch eller worktree, tester, pull request och review.",20,GainPilot som Omnira-domän,20.226 ARKITEKTURKONTRAKT,agent,v1.0,Canonical Review Candidate
GP-378,Multitenant utan arbetsgivarinsyn,"Framtida coach-, gym- och företagstenants får endast tillgång till explicit delad eller aggregerad data och aldrig automatisk full åtkomst till individens privata GainPilot-profil.",20,GainPilot som Omnira-domän,20.226 ARKITEKTURKONTRAKT,agent,v1.0,Canonical Review Candidate
GP-379,Portabel och lös koppling,"GainPilot ska kunna exportera användardata, ersätta leverantörer och i princip flyttas från Omnira utan att domänhistoriken blir obrukbar.",20,GainPilot som Omnira-domän,20.226 ARKITEKTURKONTRAKT,data,v1.0,Canonical Review Candidate
GP-380,Produktupplevelsen före plattformskomplexiteten,Omniras interna arkitektur ska ge GainPilot större intelligens och säkerhet utan att användaren tvingas förstå eller hantera plattformens tekniska komplexitet.,20,GainPilot som Omnira-domän,20.226 ARKITEKTURKONTRAKT,safety,v1.0,Canonical Review Candidate
GP-381,Atlas och Arnold är separata agentidentiteter,"Atlas och Arnold ska ha skilda roller, capabilities, minnesscope, verktyg, authority, versioner och auditspår.",21,Atlas och Arnold,21.202 ARKITEKTURKONTRAKT,memory,v1.0,Canonical Review Candidate
GP-382,Arnold äger GainPilot-relationen,"Arnold ska vara användarens huvudsakliga coach och produktgränssnitt för träning, kost, planering, progression och GainPilot-dialog.",21,Atlas och Arnold,21.202 ARKITEKTURKONTRAKT,nutrition,v1.0,Canonical Review Candidate
GP-383,"Atlas är central intelligens, inte användarcoach som standard","Atlas ska stödja strategi, samordning, research och tvärdomänanalys utan att ta över Arnolds löpande coachrelation.",21,Atlas och Arnold,21.202 ARKITEKTURKONTRAKT,agent,v1.0,Canonical Review Candidate
GP-384,Arnold är inte en persona ovanpå Atlas,Arnold ska ha egen domänkompetens och policy och får inte reduceras till en annan ton för samma globala agent.,21,Atlas och Arnold,21.202 ARKITEKTURKONTRAKT,agent,v1.0,Canonical Review Candidate
GP-385,Central intelligens får inte innebära central övervakning,"Atlas ska endast få GainPilot-data genom definierat syfte, Hermes-minimering och rätt användar- och tenantscope.",21,Atlas och Arnold,21.202 ARKITEKTURKONTRAKT,memory,v1.0,Canonical Review Candidate
GP-386,Ingen dold agentväxling,"Det ska vara begripligt när Atlas, Arnold eller en specialistagent har skapat ett betydelsefullt svar eller beslut.",21,Atlas och Arnold,21.202 ARKITEKTURKONTRAKT,agent,v1.0,Canonical Review Candidate
GP-387,Delegering ska vara strukturerad,"Varje agentdelegering ska ange mål, scope, data, verktyg, authority, budget, approval, resultatformat och stoppvillkor.",21,Atlas och Arnold,21.202 ARKITEKTURKONTRAKT,agent,v1.0,Canonical Review Candidate
GP-388,Delegering breddar aldrig mandat,"En underagent får aldrig större datatillgång, authority, verktyg eller budget än den effektiva uppgiften tillåter.",21,Atlas och Arnold,21.202 ARKITEKTURKONTRAKT,agent,v1.0,Canonical Review Candidate
GP-389,Resultat är inte beslut,"Analys från Atlas, Arnold eller specialistagent ska inte automatiskt bli rekommendation, minne, programändring eller produktionsåtgärd.",21,Atlas och Arnold,21.202 ARKITEKTURKONTRAKT,training,v1.0,Canonical Review Candidate
GP-390,Hermes är obligatorisk kontextgräns,"All betydelsefull minnes- och kontextdelning mellan Atlas, Arnold, GainPilot och andra domäner ska gå genom Hermes.",21,Atlas och Arnold,21.202 ARKITEKTURKONTRAKT,memory,v1.0,Canonical Review Candidate
GP-391,Arnold får inte hela Atlas-minnet,Arnold ska endast få GainPilot-relevant och uttryckligt godkänd delad kontext och aldrig automatisk åtkomst till andra projekt eller privata Omnira-data.,21,Atlas och Arnold,21.202 ARKITEKTURKONTRAKT,memory,v1.0,Canonical Review Candidate
GP-392,Atlas får inte hela GainPilot-minnet,"Atlas ska normalt använda reducerade signaler, aggregerad data och syftesbundna paket i stället för full individuell tränings-, kost- och coachhistorik.",21,Atlas och Arnold,21.202 ARKITEKTURKONTRAKT,nutrition,v1.0,Canonical Review Candidate
GP-393,Capability före verktyg,Atlas och Arnold ska agera genom tillåtna capabilities; teknisk tillgång till ett verktyg får aldrig i sig skapa rätt att använda det.,21,Atlas och Arnold,21.202 ARKITEKTURKONTRAKT,agent,v1.0,Canonical Review Candidate
GP-394,Confidence och authority ska separeras,Hög säkerhet i en analys får inte ge agenten större mandat att genomföra åtgärden.,21,Atlas och Arnold,21.202 ARKITEKTURKONTRAKT,agent,v1.0,Canonical Review Candidate
GP-395,Domänregel före generell agentinferens,"GainPilots validerade domän-, säkerhets- och progressionsregler ska normalt ha företräde framför Atlas eller en språkmodells generella bedömning.",21,Atlas och Arnold,21.202 ARKITEKTURKONTRAKT,training,v1.0,Canonical Review Candidate
GP-396,Förklaring ska följa verklig beslutskedja,"Atlas och Arnold får inte skapa efterhandsförklaringar som inte motsvarar använda data, regler, modeller och delegationer.",21,Atlas och Arnold,21.202 ARKITEKTURKONTRAKT,agent,v1.0,Canonical Review Candidate
GP-397,Agentpersonlighet förändrar inte sanningen,"Arnolds coachton och Atlas strategiska ton får påverka presentation men aldrig fakta, policy, säkerhet, behörighet eller provenance.",21,Atlas och Arnold,21.202 ARKITEKTURKONTRAKT,agent,v1.0,Canonical Review Candidate
GP-398,Agentkommunikation ska vara injektionssäker,"Användarinnehåll, webbkällor, importer och agentrespons får inte kunna ändra systempolicy, authority, verktyg eller minnesscope genom textinstruktioner.",21,Atlas och Arnold,21.202 ARKITEKTURKONTRAKT,memory,v1.0,Canonical Review Candidate
GP-399,Agentkedjor ska vara idempotenta och avbrytbara,"Delegering ska stödja unik identitet, timeout, cancel, retry, unknown outcome, partiellt resultat och begränsat delegeringsdjup.",21,Atlas och Arnold,21.202 ARKITEKTURKONTRAKT,agent,v1.0,Canonical Review Candidate
GP-400,Agentversioner ska kunna köras i shadow mode,Nya Atlas- och Arnoldversioner ska valideras parallellt innan de påverkar användare eller produktion.,21,Atlas och Arnold,21.202 ARKITEKTURKONTRAKT,agent,v1.0,Canonical Review Candidate
GP-401,Privat lärande och plattformslärande ska separeras,"Arnolds användarspecifika personalisering får inte automatiskt bli Atlas- eller plattformsregel, modellträning eller annan användares kontext.",21,Atlas och Arnold,21.202 ARKITEKTURKONTRAKT,training,v1.0,Canonical Review Candidate
GP-402,Agenter får inte självmodifiera sitt mandat,"Atlas och Arnold får inte själva höja authority, lägga till verktyg, bredda minnesscope eller ändra sina produktionspolicies.",21,Atlas och Arnold,21.202 ARKITEKTURKONTRAKT,memory,v1.0,Canonical Review Candidate
GP-403,Mänskligt ansvar ska vara explicit,"Betydelsefulla strategiska, säkerhetsmässiga och högriskmässiga beslut ska ha identifierad mänsklig eller organisatorisk beslutsägare.",21,Atlas och Arnold,21.202 ARKITEKTURKONTRAKT,safety,v1.0,Canonical Review Candidate
GP-404,Branch- och reviewstyrd agentutveckling,"Ändringar av Atlas, Arnold, delegation, modeller, prompts, verktyg, minnesåtkomst och authority ska ske genom separat branch, tester, review, shadow mode och kontrollerad utrullning.",21,Atlas och Arnold,21.202 ARKITEKTURKONTRAKT,memory,v1.0,Canonical Review Candidate
GP-405,Hermes är en styrd gateway,Hermes ska kontrollera minnes- och kontextöverföring mellan domäner och får inte reduceras till ett obegränsat globalt minne eller en generell söktjänst.,22,Hermes och isolerade minnesdomäner,22.225 ARKITEKTURKONTRAKT,memory,v1.0,Canonical Review Candidate
GP-406,Domänen äger sitt råminne,"GainPilot och andra Omnira-domäner ska äga sina egna minnen, medan Hermes förmedlar godkänd åtkomst genom kontrakt.",22,Hermes och isolerade minnesdomäner,22.225 ARKITEKTURKONTRAKT,memory,v1.0,Canonical Review Candidate
GP-407,Minnesdomäner ska vara isolerade,"Tenant-, användar-, projekt-, domän-, miljö-, cache-, fil-, kö- och indexisolering ska genomdrivas genom hela lagrings- och retrievalkedjan.",22,Hermes och isolerade minnesdomäner,22.225 ARKITEKTURKONTRAKT,memory,v1.0,Canonical Review Candidate
GP-408,Syfte före minnesåtkomst,"Varje Hermes-transaktion ska ha ett specifikt syfte, capability och mottagare innan data hämtas.",22,Hermes och isolerade minnesdomäner,22.225 ARKITEKTURKONTRAKT,memory,v1.0,Canonical Review Candidate
GP-409,Minsta tillräckliga kontext,Hermes ska leverera minsta mängd och precision av information som fortfarande gör uppgiften säker och användbar.,22,Hermes och isolerade minnesdomäner,22.225 ARKITEKTURKONTRAKT,memory,v1.0,Canonical Review Candidate
GP-410,Reducerad signal före rådata,"Atlas, Arnold och andra domäner ska använda aggregerade eller reducerade signaler när full källdata inte krävs.",22,Hermes och isolerade minnesdomäner,22.225 ARKITEKTURKONTRAKT,agent,v1.0,Canonical Review Candidate
GP-411,Kontextpaket ska vara tids- och uppgiftsbundna,"Paket ska ha identitet, syfte, giltighet, retention, förbjudna användningar och får inte automatiskt bli mottagarens långtidsminne.",22,Hermes och isolerade minnesdomäner,22.225 ARKITEKTURKONTRAKT,memory,v1.0,Canonical Review Candidate
GP-412,Fakta och inferens ska separeras,"Minnesposter och kontextpaket ska tydligt skilja användarbekräftade fakta, observationer, preferenser, inferenser, hypoteser, beslut och regler.",22,Hermes och isolerade minnesdomäner,22.225 ARKITEKTURKONTRAKT,memory,v1.0,Canonical Review Candidate
GP-413,Varje minne ska ha provenance och tid,"Betydelsefulla minnesposter ska ha källa, skapandetid, giltighet, confidence och versionsstatus.",22,Hermes och isolerade minnesdomäner,22.225 ARKITEKTURKONTRAKT,memory,v1.0,Canonical Review Candidate
GP-414,Känsliga inferenser kräver starkt skydd,"GainPilot får inte automatiskt skapa eller sprida känsliga slutsatser om hälsa, psykiskt tillstånd, relationer eller andra privata attribut.",22,Hermes och isolerade minnesdomäner,22.225 ARKITEKTURKONTRAKT,safety,v1.0,Canonical Review Candidate
GP-415,Användaren styr minnesscope,"Användaren ska kunna välja om ett minne är privat, projektspecifikt, delat, tidsbegränsat, låst, do-not-share, do-not-store eller do-not-infer.",22,Hermes och isolerade minnesdomäner,22.225 ARKITEKTURKONTRAKT,memory,v1.0,Canonical Review Candidate
GP-416,Minneskrivning ska vara kontrollerad,"Persistent minne ska skapas genom typning, klassificering, scope, riskbedömning, bekräftelse där det krävs, versionering och audit.",22,Hermes och isolerade minnesdomäner,22.225 ARKITEKTURKONTRAKT,memory,v1.0,Canonical Review Candidate
GP-417,Korrigering ska propageras,"När användaren rättar ett minne ska aktiva poster, härledda inferenser, index, cache och framtida beslut uppdateras enligt spårbar policy.",22,Hermes och isolerade minnesdomäner,22.225 ARKITEKTURKONTRAKT,memory,v1.0,Canonical Review Candidate
GP-418,Radering ska vara fullständig och verifierbar,"Radering ska omfatta aktiv data, embeddings, index, cache, härledda poster och paket samt hantera backups genom dokumenterad retention.",22,Hermes och isolerade minnesdomäner,22.225 ARKITEKTURKONTRAKT,data,v1.0,Canonical Review Candidate
GP-419,Semantisk relevans är inte behörighet,"Vektorsökning och ranking får endast ske efter hårda filter för tenant, användare, domän, dataklass, syfte och giltighet.",22,Hermes och isolerade minnesdomäner,22.225 ARKITEKTURKONTRAKT,authority,v1.0,Canonical Review Candidate
GP-420,Sammanfattning får inte skapa ny personlig sanning,"Hermes ska bevara skillnaden mellan källfakta och tolkning och får inte hallucinera motiv, diagnoser, identiteter eller stabila preferenser.",22,Hermes och isolerade minnesdomäner,22.225 ARKITEKTURKONTRAKT,memory,v1.0,Canonical Review Candidate
GP-421,Privat personalisering är inte modellträning,"Arnolds användarspecifika lärande ska hållas separat från plattformslärande, populationsanalys och extern eller intern grundmodellträning.",22,Hermes och isolerade minnesdomäner,22.225 ARKITEKTURKONTRAKT,training,v1.0,Canonical Review Candidate
GP-422,Extern modellåtkomst ska vara explicit,"Data får endast lämnas till en extern modell när dataklass, leverantör, region, retention, användarmandat och uppgiftens nödvändighet tillåter det.",22,Hermes och isolerade minnesdomäner,22.225 ARKITEKTURKONTRAKT,authority,v1.0,Canonical Review Candidate
GP-423,Återkallande ska stoppa framtida åtkomst,När användaren återkallar delning eller mandat ska nya läsningar stoppas och aktiva paket och uppgifter hanteras säkert.,22,Hermes och isolerade minnesdomäner,22.225 ARKITEKTURKONTRAKT,authority,v1.0,Canonical Review Candidate
GP-424,Hermes ska vara default deny,"Oklart syfte, saknat scope, fel tenant, otillräcklig authority eller okänd policy ska leda till nekad eller förtydligad förfrågan, inte bred åtkomst.",22,Hermes och isolerade minnesdomäner,22.225 ARKITEKTURKONTRAKT,memory,v1.0,Canonical Review Candidate
GP-425,Hermes ska fungera i degraderat läge utan policygenväg,GainPilot får använda giltig lokal domänkontext när Hermes är otillgängligt men får inte skapa ny tvärdomändelning eller kringgå minnesgränsen.,22,Hermes och isolerade minnesdomäner,22.225 ARKITEKTURKONTRAKT,memory,v1.0,Canonical Review Candidate
GP-426,Minnesbeslut ska vara observerbara,"Läsning, skrivning, minimering, delning, korrigering, radering och nekning ska kunna förklaras och auditeras utan att full privat payload lagras.",22,Hermes och isolerade minnesdomäner,22.225 ARKITEKTURKONTRAKT,memory,v1.0,Canonical Review Candidate
GP-427,Hermes får inte självmodifiera skyddet,"Hermes, Atlas, Arnold och andra agenter får inte själva bredda scope, sänka dataklass, ta bort användarlås eller förlänga retention i produktion.",22,Hermes och isolerade minnesdomäner,22.225 ARKITEKTURKONTRAKT,memory,v1.0,Canonical Review Candidate
GP-428,Branch- och integritetsstyrd Hermesutveckling,"Förändringar av minnesmodell, retrieval, minimering, retention, radering, modellrouting och policy ska ske genom separat branch, hotmodellering, tester, review, shadow mode och kontrollerad utrullning.",22,Hermes och isolerade minnesdomäner,22.225 ARKITEKTURKONTRAKT,memory,v1.0,Canonical Review Candidate
GP-429,Analyskedjan ska vara explicit,"Händelse, observation, mätvärde, signal, analys, hypotes, rekommendation, beslut, mandat, åtgärd och effekt ska vara separata och spårbara steg.",23,"Analys, signaler och executive intelligence",23.250 ARKITEKTURKONTRAKT,authority,v1.0,Canonical Review Candidate
GP-430,Signal är inte beslut,"Ingen mätförändring, anomali, användarfeedback eller Atlas-analys får automatiskt förändra produkt, policy, pris, säkerhet eller agentmandat.",23,"Analys, signaler och executive intelligence",23.250 ARKITEKTURKONTRAKT,agent,v1.0,Canonical Review Candidate
GP-431,Executive Intelligence ska vara multidimensionellt,"GainPilot får inte reduceras till en enda health score, North Star eller intäktsmetrik utan separata dimensioner för användarnytta, säkerhet, integritet, kvalitet, teknik och verksamhet.",23,"Analys, signaler och executive intelligence",23.250 ARKITEKTURKONTRAKT,safety,v1.0,Canonical Review Candidate
GP-432,Varje optimeringsmått kräver skyddsmått,"Produkt- och affärsoptimering ska följas av mått som kan upptäcka försämrad säkerhet, integritet, användarkontroll, kvalitet eller långsiktig nytta.",23,"Analys, signaler och executive intelligence",23.250 ARKITEKTURKONTRAKT,safety,v1.0,Canonical Review Candidate
GP-433,Metrik ska vara definierad och versionerad,"Varje betydelsefull metrik ska ha ägare, population, nämnare, tidsperiod, beräkningsmetod, datakälla, version och kända begränsningar.",23,"Analys, signaler och executive intelligence",23.250 ARKITEKTURKONTRAKT,data,v1.0,Canonical Review Candidate
GP-434,Appaktivitet är inte användarnytta,"Öppningar, klick, konversationslängd, loggning och skärmtid får inte ensamma användas som bevis på att GainPilot hjälper användaren.",23,"Analys, signaler och executive intelligence",23.250 ARKITEKTURKONTRAKT,data,v1.0,Canonical Review Candidate
GP-435,Domänspecifik framgång ska bevaras,"Träning, kost, CrossFit, calisthenics, återhämtning och följsamhet ska mätas enligt sina egna canonical modeller och får inte reduceras till en universell aktivitetsprocent.",23,"Analys, signaler och executive intelligence",23.250 ARKITEKTURKONTRAKT,nutrition,v1.0,Canonical Review Candidate
GP-436,Korrelation får inte presenteras som kausalitet,"Atlas och analysagenter ska skilja association från orsak, redovisa alternativa förklaringar och uttrycka osäkerhet.",23,"Analys, signaler och executive intelligence",23.250 ARKITEKTURKONTRAKT,agent,v1.0,Canonical Review Candidate
GP-437,Analys ska ha provenance och lineage,"Intelligence items, metrics, signals och rekommendationer ska kunna spåras till data, transformationsversion, modell, expert och beslutskontext.",23,"Analys, signaler och executive intelligence",23.250 ARKITEKTURKONTRAKT,data,v1.0,Canonical Review Candidate
GP-438,Saknad och ofullständig data ska synliggöras,"GainPilot får inte tyst tolka saknad registrering som noll, frånvaro eller misslyckande.",23,"Analys, signaler och executive intelligence",23.250 ARKITEKTURKONTRAKT,data,v1.0,Canonical Review Candidate
GP-439,Segmentering ska vara integritetssäker,"Känsliga, små eller återidentifierbara segment ska begränsas, minimeras eller döljas och får inte användas för olämplig profilering.",23,"Analys, signaler och executive intelligence",23.250 ARKITEKTURKONTRAKT,privacy,v1.0,Canonical Review Candidate
GP-440,Hermes ska minimera Executive Intelligence-data,"Atlas och analysagenter ska i första hand använda aggregat, reducerade signaler och tillräckligt stora segment i stället för full individuell GainPilot-data.",23,"Analys, signaler och executive intelligence",23.250 ARKITEKTURKONTRAKT,memory,v1.0,Canonical Review Candidate
GP-441,Privat dialog är inte standardanalytik,"Fullständiga Arnold-konversationer får inte automatiskt användas för produkt-, affärs- eller modellanalys.",23,"Analys, signaler och executive intelligence",23.250 ARKITEKTURKONTRAKT,agent,v1.0,Canonical Review Candidate
GP-442,Experiment får inte manipulera användaren,"GainPilot får inte experimentera med skuld, rädsla, falsk brådska, sämre säkerhet, integritetsförlust eller försvårad uppsägning för att förbättra engagemang eller intäkt.",23,"Analys, signaler och executive intelligence",23.250 ARKITEKTURKONTRAKT,safety,v1.0,Canonical Review Candidate
GP-443,Experiment kräver hypotes och stoppregel,"Varje experiment ska ha definierad målgrupp, kontroll, primärt mått, skyddsmått, tidsperiod, ansvarig och stoppvillkor.",23,"Analys, signaler och executive intelligence",23.250 ARKITEKTURKONTRAKT,compliance,v1.0,Canonical Review Candidate
GP-444,Statistisk förändring är inte automatiskt produktvärde,"Resultat ska bedömas efter praktisk effekt, användarnytta, kostnad, risk och långsiktiga konsekvenser.",23,"Analys, signaler och executive intelligence",23.250 ARKITEKTURKONTRAKT,nutrition,v1.0,Canonical Review Candidate
GP-445,Rekommendation och mandat ska separeras,"Atlas får analysera och rekommendera men inte själv bevilja strategiskt, ekonomiskt, integritetsmässigt eller högriskmässigt mandat.",23,"Analys, signaler och executive intelligence",23.250 ARKITEKTURKONTRAKT,agent,v1.0,Canonical Review Candidate
GP-446,Executive briefs ska vara beslutsorienterade,"Rapporter ska prioritera förändring, betydelse, evidens, osäkerhet, alternativ, risk, kostnad och beslut som krävs framför dekorativa mätvärden.",23,"Analys, signaler och executive intelligence",23.250 ARKITEKTURKONTRAKT,nutrition,v1.0,Canonical Review Candidate
GP-447,Beslut ska följas till effekt,"Betydelsefulla beslut ska ha förväntat resultat, skyddsmått, reviewdatum och möjlighet att fortsätta, ändra, stoppa eller rulla tillbaka.",23,"Analys, signaler och executive intelligence",23.250 ARKITEKTURKONTRAKT,product,v1.0,Canonical Review Candidate
GP-448,Felaktig analys ska konsekvensbedömas,"När data, metrik eller analys visar sig vara fel ska GainPilot identifiera vilka rapporter, rekommendationer, experiment och beslut som påverkades.",23,"Analys, signaler och executive intelligence",23.250 ARKITEKTURKONTRAKT,data,v1.0,Canonical Review Candidate
GP-449,Executive Intelligence får inte kringgå säkerhet,"Ingen produkt-, tillväxt- eller kostnadsanalys får användas för att tyst försvaga GainPilots säkerhets-, integritets- eller professionella gränser.",23,"Analys, signaler och executive intelligence",23.250 ARKITEKTURKONTRAKT,nutrition,v1.0,Canonical Review Candidate
GP-450,Analysagenter ska vara scopeade och testade,"Atlas och specialistagenter ska ha deklarerat datasc ope, capability, modellversion, confidencekalibrering och teststatus.",23,"Analys, signaler och executive intelligence",23.250 ARKITEKTURKONTRAKT,agent,v1.0,Canonical Review Candidate
GP-451,Nya analysversioner ska köras i shadow mode,"Nya metric-, signal-, ranking-, analys- och rekommendationsmodeller ska jämföras utan beslutspåverkan innan begränsad utrullning.",23,"Analys, signaler och executive intelligence",23.250 ARKITEKTURKONTRAKT,data,v1.0,Canonical Review Candidate
GP-452,Executive Intelligence får inte självmodifiera målen,"Atlas och analysagenter får inte själva ändra strategiska mål, North Star, datasc ope, metrikdefinitioner eller automatiseringsmandat i produktion.",23,"Analys, signaler och executive intelligence",23.250 ARKITEKTURKONTRAKT,agent,v1.0,Canonical Review Candidate
GP-453,Branch- och reviewstyrd analysutveckling,"Förändringar av events, metrics, signaler, experiment, dashboards, Executive Intelligence och automatiska beslut ska ske genom separat branch, tester, integritetsgranskning, shadow mode och kontrollerad utrullning.",23,"Analys, signaler och executive intelligence",23.250 ARKITEKTURKONTRAKT,privacy,v1.0,Canonical Review Candidate
GP-454,Agentdriven utveckling ska vara ett styrt system,"AI-agenter ska arbeta genom definierade uppgifter, capabilities, arbetsmiljöer, tester, reviews och beslutsgränser — aldrig genom obegränsad repositoryåtkomst.",24,Agentdriven produktutveckling,24.215 ARKITEKTURKONTRAKT,agent,v1.0,Canonical Review Candidate
GP-455,"Problem, förslag och implementation ska separeras","En agentanalys eller lösningshypotes får inte automatiskt skapa kodändring, merge eller deployment.",24,Agentdriven produktutveckling,24.215 ARKITEKTURKONTRAKT,agent,v1.0,Canonical Review Candidate
GP-456,Varje utvecklingsuppgift ska ha explicit scope,"Uppgifter ska ange mål, acceptanskriterier, inkluderat och exkluderat scope, risk, filer, verktyg, tester och stoppvillkor.",24,Agentdriven produktutveckling,24.215 ARKITEKTURKONTRAKT,safety,v1.0,Canonical Review Candidate
GP-457,Scope får inte utökas tyst,"När agenten upptäcker arbete utanför mandatet ska den stoppa den delen, dokumentera behovet och begära nytt godkännande.",24,Agentdriven produktutveckling,24.215 ARKITEKTURKONTRAKT,agent,v1.0,Canonical Review Candidate
GP-458,Rätt specialist ska göra rätt arbete,"Produktanalys, arkitektur, domänlogik, implementation, test, säkerhet, integritet, migration och release ska kunna utföras av separata ansvariga roller.",24,Agentdriven produktutveckling,24.215 ARKITEKTURKONTRAKT,safety,v1.0,Canonical Review Candidate
GP-459,Kompetensluckor ska redovisas,"En agent får inte fylla saknad domän-, teknik- eller säkerhetskompetens med självsäker fri generering.",24,Agentdriven produktutveckling,24.215 ARKITEKTURKONTRAKT,agent,v1.0,Canonical Review Candidate
GP-460,Repository och arbetsyta ska verifieras,"Före ändring ska agenten kontrollera repository, branch, worktree, upstream, HEAD och orelaterade ändringar.",24,Agentdriven produktutveckling,24.215 ARKITEKTURKONTRAKT,agent,v1.0,Canonical Review Candidate
GP-461,Orelaterat arbete ska skyddas,"Agenter får inte stagea, ändra, återställa, flytta eller radera användarens eller andra agenters orelaterade filer utan uttryckligt mandat.",24,Agentdriven produktutveckling,24.215 ARKITEKTURKONTRAKT,agent,v1.0,Canonical Review Candidate
GP-462,Normal utveckling ska ske isolerat,Produktförändringar ska genomföras på separat branch eller worktree och inte direkt i main.,24,Agentdriven produktutveckling,24.215 ARKITEKTURKONTRAKT,governance,v1.0,Canonical Review Candidate
GP-463,Minsta nödvändiga förändring ska prioriteras,"Agenten ska undvika orelaterad refaktorering, överarkitektur, dependencyökning och bred diff som inte krävs av acceptanskriterierna.",24,Agentdriven produktutveckling,24.215 ARKITEKTURKONTRAKT,agent,v1.0,Canonical Review Candidate
GP-464,Canonical kunskap ska verifieras mot implementation,"Böcker, kodgrafer och agentindex ska styra förståelse men får inte användas som bevis för faktisk kod utan kontroll av repositoryt.",24,Agentdriven produktutveckling,24.215 ARKITEKTURKONTRAKT,agent,v1.0,Canonical Review Candidate
GP-465,Kritisk logik får inte endast ligga i prompt,"Behörighet, säkerhet, domänregler, datakontrakt och högriskbeslut ska genomdrivas genom kod, schema, policy och tester.",24,Agentdriven produktutveckling,24.215 ARKITEKTURKONTRAKT,authority,v1.0,Canonical Review Candidate
GP-466,Agentgenererad kod har samma kvalitetskrav,"Kod från agenter ska vara begriplig, testbar, säker, underhållbar och följa GainPilots arkitektur- och stilregler.",24,Agentdriven produktutveckling,24.215 ARKITEKTURKONTRAKT,agent,v1.0,Canonical Review Candidate
GP-467,Testbevis krävs före färdigstatus,Agenter får inte rapportera en implementation som färdig innan obligatoriska tester har körts och begränsningar redovisats.,24,Agentdriven produktutveckling,24.215 ARKITEKTURKONTRAKT,agent,v1.0,Canonical Review Candidate
GP-468,Oberoende kontroll ska användas vid risk,"Hög- och kritisk risk ska kräva separat test-, domän-, säkerhets-, integritets- eller mänsklig review.",24,Agentdriven produktutveckling,24.215 ARKITEKTURKONTRAKT,safety,v1.0,Canonical Review Candidate
GP-469,Pull request är normal leveransgräns,"Alla vanliga produktförändringar ska levereras genom fokuserad pull request med scope, risk, testresultat, migration och rollback.",24,Agentdriven produktutveckling,24.215 ARKITEKTURKONTRAKT,safety,v1.0,Canonical Review Candidate
GP-470,Merge och deployment är separata beslut,En godkänd eller mergad PR får inte beskrivas som live förrän deployment och produktionsverifiering är bekräftade.,24,Agentdriven produktutveckling,24.215 ARKITEKTURKONTRAKT,governance,v1.0,Canonical Review Candidate
GP-471,Agentstatus ska motsvara verifierat tillstånd,"Påståenden om analys, ändring, test, commit, push, PR, merge och deployment ska stödjas av faktisk verktygs- eller systemevidens.",24,Agentdriven produktutveckling,24.215 ARKITEKTURKONTRAKT,agent,v1.0,Canonical Review Candidate
GP-472,Högriskdeployment ska vara progressiv,"Förändringar i säkerhet, data, agenter, programlogik och centrala domänmotorer ska använda staging, feature flags, canary, stoppregler och rollback där relevant.",24,Agentdriven produktutveckling,24.215 ARKITEKTURKONTRAKT,training,v1.0,Canonical Review Candidate
GP-473,Teknisk leverans och produktnytta ska separeras,Merge eller deployment innebär inte att förändringen är validerad; avsedd effekt och skyddsmått ska följas upp.,24,Agentdriven produktutveckling,24.215 ARKITEKTURKONTRAKT,governance,v1.0,Canonical Review Candidate
GP-474,Meningsbärande projektmaterial ska bevaras,"Branches, worktrees, dokument, kod och artefakter får inte raderas innan innehållet har identifierats, säker kopia verifierats och borttagning godkänts.",24,Agentdriven produktutveckling,24.215 ARKITEKTURKONTRAKT,governance,v1.0,Canonical Review Candidate
GP-475,Agenter får inte självmodifiera sitt utvecklingsmandat,"Utvecklingsagenter får inte själva höja behörighet, ändra branch protection, lägga till secrets, ge sig merge- eller deploymenträtt eller ändra sitt produktionsmanifest.",24,Agentdriven produktutveckling,24.215 ARKITEKTURKONTRAKT,agent,v1.0,Canonical Review Candidate
GP-476,Utvecklingsautonomi ska förtjänas per capability,"Read, branch-write, commit, push, PR, merge och deployment ska vara separata och återkalleliga mandat som höjs genom verifierad kvalitet.",24,Agentdriven produktutveckling,24.215 ARKITEKTURKONTRAKT,authority,v1.0,Canonical Review Candidate
GP-477,"Agentutveckling ska vara branch-, test- och reviewstyrd","Förändringar av produkt, agenter, prompts, policies, schema, modeller och utvecklingsverktyg ska ske genom separat branch, tester, kvalificerad review, kontrollerad utrullning och effektuppföljning.",24,Agentdriven produktutveckling,24.215 ARKITEKTURKONTRAKT,agent,v1.0,Canonical Review Candidate
GP-478,Leveranstillstånd ska vara separata,"Lokal ändring, testad kod, commit, push, PR, review, merge, deployment, produktionsverifiering och validerad effekt ska representeras som skilda tillstånd.",25,"Branch-, test-, PR- och mergegovernance",25.289 ARKITEKTURKONTRAKT,governance,v1.0,Canonical Review Candidate
GP-479,Main ska vara skyddad huvudlinje,"Normal utveckling får endast nå main genom godkänd pull request, required checks och behörigt mergebeslut.",25,"Branch-, test-, PR- och mergegovernance",25.289 ARKITEKTURKONTRAKT,governance,v1.0,Canonical Review Candidate
GP-480,Repositorymiljön ska verifieras före förändring,"Repository, remote, branch, worktree, upstream, HEAD, status och pågående gitoperationer ska kontrolleras innan skrivande arbete.",25,"Branch-, test-, PR- och mergegovernance",25.289 ARKITEKTURKONTRAKT,operations,v1.0,Canonical Review Candidate
GP-481,Orelaterade ändringar får aldrig följa med,"Staging, commit, push och PR ska endast innehålla granskade filer och hunks inom godkänt scope.",25,"Branch-, test-, PR- och mergegovernance",25.289 ARKITEKTURKONTRAKT,governance,v1.0,Canonical Review Candidate
GP-482,Meningsbärande projektmaterial ska bevaras,"Filer, branches, worktrees, dokument och artefakter får inte raderas innan innehåll, canonical status, säker kopia och borttagningsmandat har verifierats.",25,"Branch-, test-, PR- och mergegovernance",25.289 ARKITEKTURKONTRAKT,authority,v1.0,Canonical Review Candidate
GP-483,Commits ska vara fokuserade och bevisbara,"Varje commit ska representera en begriplig förändring, ha korrekt identitet och inte beskrivas som skapad förrän hash och branch verifierats.",25,"Branch-, test-, PR- och mergegovernance",25.289 ARKITEKTURKONTRAKT,governance,v1.0,Canonical Review Candidate
GP-484,Testresultat ska vara commit- och miljöbundna,"Ett testbevis ska ange kommando, commit, miljö, status, skips och begränsningar och får inte återanvändas efter relevant kodförändring.",25,"Branch-, test-, PR- och mergegovernance",25.289 ARKITEKTURKONTRAKT,governance,v1.0,Canonical Review Candidate
GP-485,Risk ska styra testmatrisen,"Testkrav ska öka med domän-, säkerhets-, integritets-, migrations- och produktionsrisk och får inte reduceras till en universell minimikontroll.",25,"Branch-, test-, PR- och mergegovernance",25.289 ARKITEKTURKONTRAKT,safety,v1.0,Canonical Review Candidate
GP-486,Skipped och not run är inte passed,"Alla ej körda, avbrutna, instabila och karantänsatta tester ska redovisas och får inte presenteras som fullständigt godkänd testsvit.",25,"Branch-, test-, PR- och mergegovernance",25.289 ARKITEKTURKONTRAKT,training,v1.0,Canonical Review Candidate
GP-487,CI är en oberoende verifieringsgräns,Lokala tester får inte ersätta required remote checks som körs mot rätt commit i kontrollerad miljö.,25,"Branch-, test-, PR- och mergegovernance",25.289 ARKITEKTURKONTRAKT,governance,v1.0,Canonical Review Candidate
GP-488,Pull request ska vara normal granskningsgräns,"Varje vanlig förändring ska levereras genom fokuserad PR med problem, scope, testbevis, risk, migration, rollout och rollback.",25,"Branch-, test-, PR- och mergegovernance",25.289 ARKITEKTURKONTRAKT,safety,v1.0,Canonical Review Candidate
GP-489,PR-beskrivning ska motsvara faktisk diff,"Automatiska eller manuella sammanfattningar får inte påstå implementation, tester eller påverkan som inte kan verifieras i kod och evidens.",25,"Branch-, test-, PR- och mergegovernance",25.289 ARKITEKTURKONTRAKT,governance,v1.0,Canonical Review Candidate
GP-490,Review ska vara roll- och riskbaserad,"Berörda code owners, domän-, säkerhets-, integritets-, data- och releaseansvariga ska granskas enligt paths och riskklass.",25,"Branch-, test-, PR- och mergegovernance",25.289 ARKITEKTURKONTRAKT,safety,v1.0,Canonical Review Candidate
GP-491,Författaren får inte ensam godkänna kritisk förändring,Hög- och kritisk risk ska kräva oberoende review och vid behov fyraögonsprincip.,25,"Branch-, test-, PR- och mergegovernance",25.289 ARKITEKTURKONTRAKT,safety,v1.0,Canonical Review Candidate
GP-492,Reviewkommentarer ska lösas verkligt,"Blockerande och required kommentarer får inte markeras lösta utan kodändring, test, dokumentation eller accepterad motivering.",25,"Branch-, test-, PR- och mergegovernance",25.289 ARKITEKTURKONTRAKT,governance,v1.0,Canonical Review Candidate
GP-493,Merge readiness ska vara explicit,"En PR får endast betraktas som merge ready när base, checks, reviews, conversations, scope, migration, rollout, rollback och ansvarigt beslut är verifierade.",25,"Branch-, test-, PR- och mergegovernance",25.289 ARKITEKTURKONTRAKT,compliance,v1.0,Canonical Review Candidate
GP-494,Merge kräver separat mandat,"Rätt att skriva, committa, pusha eller skapa PR ger inte automatisk rätt att mergea.",25,"Branch-, test-, PR- och mergegovernance",25.289 ARKITEKTURKONTRAKT,authority,v1.0,Canonical Review Candidate
GP-495,Closed är inte merged och merged är inte deployed,"PR-, merge-, release- och deploymentstatus ska hämtas från verkligt systemtillstånd och aldrig härledas från otydlig text.",25,"Branch-, test-, PR- och mergegovernance",25.289 ARKITEKTURKONTRAKT,governance,v1.0,Canonical Review Candidate
GP-496,Deployment ska vara progressiv och verifierbar,"Högre risk ska använda skyddade miljöer, artefaktidentitet, staging, flags, canary, stoppregler, rollback och produktionsverifiering.",25,"Branch-, test-, PR- och mergegovernance",25.289 ARKITEKTURKONTRAKT,safety,v1.0,Canonical Review Candidate
GP-497,Dataförändringar kräver särskild rollbackmodell,"Schema- och datamigrationer ska ha kompatibilitets-, repair- eller compensationplan och får inte förlita sig på blind kodrevert.",25,"Branch-, test-, PR- och mergegovernance",25.289 ARKITEKTURKONTRAKT,data,v1.0,Canonical Review Candidate
GP-498,Produktionshälsa ska verifieras efter deployment,"Rätt artefakt, migration, flags, centrala flöden, logs, metrics och skyddsmått ska kontrolleras innan produktionen beskrivs som verifierad.",25,"Branch-, test-, PR- och mergegovernance",25.289 ARKITEKTURKONTRAKT,safety,v1.0,Canonical Review Candidate
GP-499,Statusrapportering ska vara evidensbaserad,"Agenter och människor ska endast rapportera test, commit, push, PR, merge, deployment och validering som genomförda när verifierbara bevis finns.",25,"Branch-, test-, PR- och mergegovernance",25.289 ARKITEKTURKONTRAKT,agent,v1.0,Canonical Review Candidate
GP-500,Governance får inte självmodifieras av utvecklingsagenten,"Agenter får inte själva ta bort checks, sänka reviewkrav, ändra CODEOWNERS, ge sig merge- eller deploymentmandat eller kringgå protected environments.",25,"Branch-, test-, PR- och mergegovernance",25.289 ARKITEKTURKONTRAKT,agent,v1.0,Canonical Review Candidate
GP-501,Governanceförändringar ska själva följa governance,"Branch-, test-, CI-, review-, merge-, release- och deploymentregler ska ändras genom separat branch, policytester, oberoende review och kontrollerad utrullning.",25,"Branch-, test-, PR- och mergegovernance",25.289 ARKITEKTURKONTRAKT,governance,v1.0,Canonical Review Candidate
GP-502,Behörighet ska vara explicit och tekniskt genomdriven,"Identitet, roll eller agentpersonlighet får inte i sig ge rätt att läsa, skriva, dela, spendera, radera eller påverka systemtillstånd.",26,"Behörigheter, autonomi och godkännanden",26.302 ARKITEKTURKONTRAKT,agent,v1.0,Canonical Review Candidate
GP-503,Default deny ska gälla,"När giltigt grant, scope, capability eller approval inte kan verifieras ska handlingen nekas, förberedas eller eskaleras.",26,"Behörigheter, autonomi och godkännanden",26.302 ARKITEKTURKONTRAKT,authority,v1.0,Canonical Review Candidate
GP-504,Minsta privilegium ska gälla hela kedjan,"Varje människa, agent, integration och workflow ska endast få den capability, data, authority, miljö och tid som uppgiften kräver.",26,"Behörigheter, autonomi och godkännanden",26.302 ARKITEKTURKONTRAKT,agent,v1.0,Canonical Review Candidate
GP-505,Authority ska vara capabilityspecifik,L0–L6 ska tilldelas per capability och scope och får aldrig behandlas som en global agentnivå.,26,"Behörigheter, autonomi och godkännanden",26.302 ARKITEKTURKONTRAKT,agent,v1.0,Canonical Review Candidate
GP-506,"Föreslå, förbereda, godkänna, genomföra och verifiera ska separeras",Rätt att utföra ett steg får inte automatiskt ge rätt att utföra nästa eller godkänna den egna handlingen.,26,"Behörigheter, autonomi och godkännanden",26.302 ARKITEKTURKONTRAKT,product,v1.0,Canonical Review Candidate
GP-507,Agenter får inte bevilja sig själva mandat,"Atlas, Arnold och andra agenter får inte själva höja authority, bredda scope, förlänga giltighet eller ta bort approvalkrav.",26,"Behörigheter, autonomi och godkännanden",26.302 ARKITEKTURKONTRAKT,agent,v1.0,Canonical Review Candidate
GP-508,Approval ska vara exakt och tidsbegränsat,"Godkännanden ska avse en tydligt beskriven handling, effekt, resursversion, kostnad, risk och giltighetsperiod.",26,"Behörigheter, autonomi och godkännanden",26.302 ARKITEKTURKONTRAKT,nutrition,v1.0,Canonical Review Candidate
GP-509,Tystnad är inte godkännande,"Avsaknad av svar, timeout eller utebliven reaktion får inte tolkas som approval.",26,"Behörigheter, autonomi och godkännanden",26.302 ARKITEKTURKONTRAKT,authority,v1.0,Canonical Review Candidate
GP-510,Approval får inte användas som mörk bundling,"Operativ handling, datadelning, köp, marknadsföring och andra separata beslut får inte döljas i ett enda otydligt godkännande.",26,"Behörigheter, autonomi och godkännanden",26.302 ARKITEKTURKONTRAKT,authority,v1.0,Canonical Review Candidate
GP-511,Autonomi ska förtjänas per capability,Verifierad kvalitet i en handlingstyp får endast påverka autonomin för samma eller uttryckligt relaterade capability.,26,"Behörigheter, autonomi och godkännanden",26.302 ARKITEKTURKONTRAKT,authority,v1.0,Canonical Review Candidate
GP-512,Hög confidence skapar inte högre authority,Agentens säkerhet i sin analys får aldrig i sig ge större mandat eller lägre approvalkrav.,26,"Behörigheter, autonomi och godkännanden",26.302 ARKITEKTURKONTRAKT,agent,v1.0,Canonical Review Candidate
GP-513,Autonomi ska vara begränsad och återkallelig,"Varje autonomt mandat ska ha scope, riskgräns, budget, rapporteringsregel, expiry eller review och omedelbar revocation.",26,"Behörigheter, autonomi och godkännanden",26.302 ARKITEKTURKONTRAKT,authority,v1.0,Canonical Review Candidate
GP-514,Approvaltrötthet får inte användas för att skapa bred fullmakt,"GainPilot ska minska onödiga approvals genom riskbaserade och granulära mandat, inte genom att pressa användaren till obegränsad autonomi.",26,"Behörigheter, autonomi och godkännanden",26.302 ARKITEKTURKONTRAKT,authority,v1.0,Canonical Review Candidate
GP-515,Kostnad kräver separat budgetmandat,"Permission att använda en capability ger inte automatiskt rätt att skapa kostnad, köp, abonnemang eller leverantörsåtagande.",26,"Behörigheter, autonomi och godkännanden",26.302 ARKITEKTURKONTRAKT,nutrition,v1.0,Canonical Review Candidate
GP-516,Delegation får aldrig bredda rättigheter,"En delegat eller underagent får aldrig större authority, scope, budget eller datatillgång än delegatorn och den aktuella uppgiften tillåter.",26,"Behörigheter, autonomi och godkännanden",26.302 ARKITEKTURKONTRAKT,agent,v1.0,Canonical Review Candidate
GP-517,Revocation ska få snabb och fullständig effekt,"Återkallande ska stoppa nya handlingar, tokens, delegation och cachead permission samt hantera pågående och offlinearbete säkert.",26,"Behörigheter, autonomi och godkännanden",26.302 ARKITEKTURKONTRAKT,authority,v1.0,Canonical Review Candidate
GP-518,Nödstopp ska vara granulärt,"GainPilot ska kunna stoppa agent, capability, projekt, writeplan eller hela systemet utan att säkra read-only-funktioner försvinner i onödan.",26,"Behörigheter, autonomi och godkännanden",26.302 ARKITEKTURKONTRAKT,agent,v1.0,Canonical Review Candidate
GP-519,Återstart ska vara kontrollerad,"Autonomi och writebehörighet får inte återställas fullt ut efter incident utan verifiering, review och relevant approval.",26,"Behörigheter, autonomi och godkännanden",26.302 ARKITEKTURKONTRAKT,authority,v1.0,Canonical Review Candidate
GP-520,Behörighet ska verifieras vid execution,"Approval eller grant ska omprövas mot aktuell resursversion, risksignal, expiry och context för att motverka replay och TOCTOU-fel.",26,"Behörigheter, autonomi och godkännanden",26.302 ARKITEKTURKONTRAKT,authority,v1.0,Canonical Review Candidate
GP-521,Autonoma handlingar ska vara förklarbara,"Användaren ska kunna se vad som gjordes, varför, vilket mandat som användes, vilken data som påverkade beslutet och hur handlingen kan återställas.",26,"Behörigheter, autonomi och godkännanden",26.302 ARKITEKTURKONTRAKT,authority,v1.0,Canonical Review Candidate
GP-522,Permission enforcement ska finnas i flera lager,"UI, agentruntime, capabilitygateway, tjänst, databas, verktyg och downstreamsystem ska tillsammans förhindra kringgående.",26,"Behörigheter, autonomi och godkännanden",26.302 ARKITEKTURKONTRAKT,agent,v1.0,Canonical Review Candidate
GP-523,Permissionincidenter ska konsekvensanalyseras,"Obehörig access eller execution ska spåras till använd data, handlingar, kostnader, mottagare och eventuell kompensation.",26,"Behörigheter, autonomi och godkännanden",26.302 ARKITEKTURKONTRAKT,nutrition,v1.0,Canonical Review Candidate
GP-524,Agenter får inte självmodifiera permissiongovernance,"Agenter får inte ändra capabilityregister, authoritytak, riskklasser, approvalpolicy, budgetskydd, branchskydd eller nödstopp i produktion.",26,"Behörigheter, autonomi och godkännanden",26.302 ARKITEKTURKONTRAKT,agent,v1.0,Canonical Review Candidate
GP-525,Behörighets- och autonomiutveckling ska vara branch- och reviewstyrd,"Förändringar av permissions, approvals, authority, delegation, budget, nödstopp och autonomi ska ske genom separat branch, negativa tester, säkerhets- och integritetsreview, shadow mode och kontrollerad utrullning.",26,"Behörigheter, autonomi och godkännanden",26.302 ARKITEKTURKONTRAKT,authority,v1.0,Canonical Review Candidate
GP-526,Drift ska bedömas per capability,"GainPilot får inte beskriva hela produkten som frisk eller nere utan att kunna visa vilka användarförmågor, beroenden och datavägar som fungerar, är degraderade eller stoppade.",27,"Drift, observability, incidenter och återhämtning",27.354 ARKITEKTURKONTRAKT,safety,v1.0,Canonical Review Candidate
GP-527,Process health är inte produkthälsa,En svarande tjänst eller grön infrastrukturkontroll får inte användas som enda bevis för att centrala GainPilot-flöden fungerar korrekt och säkert.,27,"Drift, observability, incidenter och återhämtning",27.354 ARKITEKTURKONTRAKT,safety,v1.0,Canonical Review Candidate
GP-528,Observability ska följa hela beslutskedjan,"Användarintention, agent, Hermes, permission, capability, verktyg, event, lagring och användarresultat ska kunna korreleras genom stabila identiteter och spårbar provenance.",27,"Drift, observability, incidenter och återhämtning",27.354 ARKITEKTURKONTRAKT,memory,v1.0,Canonical Review Candidate
GP-529,Loggar ska vara strukturerade och minimerade,"Produktionloggar och traces ska ge tillräcklig diagnostik utan att lagra full privat användardata, secrets eller onödiga agentpayloads.",27,"Drift, observability, incidenter och återhämtning",27.354 ARKITEKTURKONTRAKT,agent,v1.0,Canonical Review Candidate
GP-530,Domän- och användarsignaler ska komplettera tekniska metrics,"Tillgänglighet, latency och error rate ska kompletteras med mått för datakorrekthet, programfunktion, träningsloggning, permission, agentkvalitet och verklig användarpåverkan.",27,"Drift, observability, incidenter och återhämtning",27.354 ARKITEKTURKONTRAKT,training,v1.0,Canonical Review Candidate
GP-531,SLO ska definieras per kritisk capability,GainPilot ska ha mätbara mål för centrala förmågor och får inte förlita sig enbart på en generell tjänsteuptime.,27,"Drift, observability, incidenter och återhämtning",27.354 ARKITEKTURKONTRAKT,product,v1.0,Canonical Review Candidate
GP-532,Unknown outcome ska vara ett explicit tillstånd,"Timeout, avbrutet workflow eller osäker downstreamrespons får inte automatiskt klassificeras som failure eller success.",27,"Drift, observability, incidenter och återhämtning",27.354 ARKITEKTURKONTRAKT,product,v1.0,Canonical Review Candidate
GP-533,Retry får endast ske efter säker klassificering,"Systemet ska verifiera operation, side effects, idempotency identity och resursversion innan en osäker handling görs om.",27,"Drift, observability, incidenter och återhämtning",27.354 ARKITEKTURKONTRAKT,operations,v1.0,Canonical Review Candidate
GP-534,Side effects ska vara idempotenta eller deduplicerade,"Workout-save, programaktivering, kalenderwrite, köp, publicering och andra betydelsefulla writes ska skyddas mot dubbla effekter.",27,"Drift, observability, incidenter och återhämtning",27.354 ARKITEKTURKONTRAKT,training,v1.0,Canonical Review Candidate
GP-535,Asynkrona meddelanden ska tåla dubblering och fel ordning,"Events, queues och consumers ska ha stabil identitet, version, provenance, deduplicering och definierad orderingmodell.",27,"Drift, observability, incidenter och återhämtning",27.354 ARKITEKTURKONTRAKT,product,v1.0,Canonical Review Candidate
GP-536,Degradering får inte kringgå skydd,"Safe mode och fallback får aldrig hoppa över tenantisolering, permission, säkerhetsbegränsning, dataminimering eller kritisk domänkontroll.",27,"Drift, observability, incidenter och återhämtning",27.354 ARKITEKTURKONTRAKT,authority,v1.0,Canonical Review Candidate
GP-537,Offlinearbete ska bevaras och synkas säkert,"Lokala träningsresultat och andra offlinewrites ska ha stabil identitet, versionskontroll, konfliktmodell och idempotent synkronisering.",27,"Drift, observability, incidenter och återhämtning",27.354 ARKITEKTURKONTRAKT,training,v1.0,Canonical Review Candidate
GP-538,Backup ska bevisas genom restore,"Backupstatus får inte betraktas som tillräckligt skydd förrän data, tenantisolering, radering och centrala flöden har verifierats efter återställning.",27,"Drift, observability, incidenter och återhämtning",27.354 ARKITEKTURKONTRAKT,data,v1.0,Canonical Review Candidate
GP-539,Restore får inte återaktivera raderad data,"Användarraderingar, revocations och andra skyddstillstånd ska återappliceras och verifieras efter backuprestore.",27,"Drift, observability, incidenter och återhämtning",27.354 ARKITEKTURKONTRAKT,privacy,v1.0,Canonical Review Candidate
GP-540,Incidenter ska klassificeras efter verklig påverkan,"Severity ska ta hänsyn till säkerhet, integritet, data, användare, ekonomi, blast radius och pågående skada — inte endast tekniskt felantal.",27,"Drift, observability, incidenter och återhämtning",27.354 ARKITEKTURKONTRAKT,safety,v1.0,Canonical Review Candidate
GP-541,Containment ska prioriteras före kosmetisk återställning,"Incidentrespons ska först stoppa fortsatt påverkan, skydda data och begränsa blast radius innan dashboards, automation eller full funktion återställs.",27,"Drift, observability, incidenter och återhämtning",27.354 ARKITEKTURKONTRAKT,data,v1.0,Canonical Review Candidate
GP-542,Bevis och projektmaterial ska bevaras,"Loggar, data, branches, worktrees, artefakter och andra incidentbevis får inte raderas eller skrivas över innan påverkan har analyserats och säker kopia verifierats.",27,"Drift, observability, incidenter och återhämtning",27.354 ARKITEKTURKONTRAKT,data,v1.0,Canonical Review Candidate
GP-543,Recovery ska vara gradvis och verifierad,"Capabilities, agentsystem, writes och autonomy ska återstartas stegvis efter kontroller, tester och relevant approval.",27,"Drift, observability, incidenter och återhämtning",27.354 ARKITEKTURKONTRAKT,agent,v1.0,Canonical Review Candidate
GP-544,Incidentkommunikation ska skilja fakta från hypotes,"Intern och extern status får inte presentera osäkra orsaker, estimat eller full recovery som verifierade fakta.",27,"Drift, observability, incidenter och återhämtning",27.354 ARKITEKTURKONTRAKT,operations,v1.0,Canonical Review Candidate
GP-545,Incident closure ska kräva mer än återställd tjänst,"Aktiv påverkan, data, användarkommunikation, root-cause-status, action items och ansvarig acceptans ska bedömas innan incidenten stängs.",27,"Drift, observability, incidenter och återhämtning",27.354 ARKITEKTURKONTRAKT,data,v1.0,Canonical Review Candidate
GP-546,Auto-remediation ska vara begränsad och auditerad,"Automatisk återställning får endast utföra tydligt definierade, testade och säkra steg med stoppregler och utan att skapa bredare mandat.",27,"Drift, observability, incidenter och återhämtning",27.354 ARKITEKTURKONTRAKT,authority,v1.0,Canonical Review Candidate
GP-547,Agentdrift ska kunna sänka authority,"Försämrad kvalitet, bredare databruk, avvikande tool use eller högre korrigeringsgrad ska kunna pausa capability eller återföra agenten till propose-only.",27,"Drift, observability, incidenter och återhämtning",27.354 ARKITEKTURKONTRAKT,agent,v1.0,Canonical Review Candidate
GP-548,Operativa skydd ska testas genom realistiska fel,"GainPilot ska regelbundet testa timeout, dependency failure, stale permission, duplicate events, unknown outcome, offlinekonflikt, backuprestore, nödstopp och gradvis återstart.",27,"Drift, observability, incidenter och återhämtning",27.354 ARKITEKTURKONTRAKT,authority,v1.0,Canonical Review Candidate
GP-549,Drift- och recoveryförändringar ska följa full governance,"Alerts, SLO, retries, runbooks, auto-remediation, backup, restore, incidentflöden och recoveryautomation ska ändras genom separat branch, feltester, review, shadow mode, canary och verifierad utrullning.",27,"Drift, observability, incidenter och återhämtning",27.354 ARKITEKTURKONTRAKT,operations,v1.0,Canonical Review Candidate
GP-550,Krisläge ska vara ett explicit operating mode,"GainPilot ska tekniskt kunna växla mellan normal, degraded, incident, crisis, disaster, recovery och verifying med definierade effekter på capabilities, authority, data, budget och automation.",28,"Krisläge, nödbroms och verksamhetskontinuitet",28.232 ARKITEKTURKONTRAKT,authority,v1.0,Canonical Review Candidate
GP-551,Kris ska skiljas från vanlig incident,"Krisläge ska endast användas när påverkan, osäkerheten, koordinationsbehovet eller systemrisken överstiger ordinarie incidenthanteringsförmåga.",28,"Krisläge, nödbroms och verksamhetskontinuitet",28.232 ARKITEKTURKONTRAKT,safety,v1.0,Canonical Review Candidate
GP-552,Nödbromsen ska vara granulär,"Systemet ska kunna stoppa operation, capability, agent, användare, tenant, projekt, integration, writeplan eller hela Omnira utan att säkra funktioner försvinner i onödan.",28,"Krisläge, nödbroms och verksamhetskontinuitet",28.232 ARKITEKTURKONTRAKT,agent,v1.0,Canonical Review Candidate
GP-553,Minsta tillräckliga stopp ska prioriteras,Containment ska begränsa fortsatt skada med minsta möjliga blast radius och samtidigt bevara säkra kärnfunktioner.,28,"Krisläge, nödbroms och verksamhetskontinuitet",28.232 ARKITEKTURKONTRAKT,safety,v1.0,Canonical Review Candidate
GP-554,Kritisk nödbroms ska kunna aktiveras snabbt,"Verifierad omedelbar risk ska kunna stoppas av särskilt behörig aktör innan full normal approvalkedja är klar, med omedelbar audit och eftergranskning.",28,"Krisläge, nödbroms och verksamhetskontinuitet",28.232 ARKITEKTURKONTRAKT,authority,v1.0,Canonical Review Candidate
GP-555,Nödbromsens verkliga effekt ska verifieras,"Ett UI-tillstånd eller skickat stoppkommando får inte betraktas som tillräckligt; alla relevanta tjänster, workers, tokens, köer och enheter ska kontrolleras.",28,"Krisläge, nödbroms och verksamhetskontinuitet",28.232 ARKITEKTURKONTRAKT,safety,v1.0,Canonical Review Candidate
GP-556,Krisläge ska normalt minska autonomi,"Atlas, Arnold och andra agenter ska inte få bredare authority genom krisdeklaration; execution, delegation, dataåtkomst och budget ska normalt begränsas.",28,"Krisläge, nödbroms och verksamhetskontinuitet",28.232 ARKITEKTURKONTRAKT,agent,v1.0,Canonical Review Candidate
GP-557,Safe mode ska bevara säkra kärnfunktioner,"Användaren ska där möjligt kunna läsa verifierad plan, logga lokalt, se status och behålla kontroll utan nya osäkra agent- eller molnwrites.",28,"Krisläge, nödbroms och verksamhetskontinuitet",28.232 ARKITEKTURKONTRAKT,agent,v1.0,Canonical Review Candidate
GP-558,Kontinuitet ska definieras per capability,"GainPilot ska ha en prioriterad lista över kritiska, viktiga och pausbara capabilities samt definierad minsta verksamhetsnivå.",28,"Krisläge, nödbroms och verksamhetskontinuitet",28.232 ARKITEKTURKONTRAKT,operations,v1.0,Canonical Review Candidate
GP-559,Krisledning ska ha tydliga roller och beslutsmandat,"Krisledare, teknisk ledare, säkerhets-/integritetsansvarig, domänansvarig, kontinuitetsansvarig och kommunikationsansvarig ska ha tydliga och separerade uppgifter.",28,"Krisläge, nödbroms och verksamhetskontinuitet",28.232 ARKITEKTURKONTRAKT,authority,v1.0,Canonical Review Candidate
GP-560,Lägesbilden ska skilja fakta från hypotes,"Verifierade fakta, osäkerheter, antaganden, beslut och åtgärder ska presenteras separat och tidsstämplat.",28,"Krisläge, nödbroms och verksamhetskontinuitet",28.232 ARKITEKTURKONTRAKT,safety,v1.0,Canonical Review Candidate
GP-561,Data och bevis ska bevaras före reparation,"Krisrespons får inte radera, skriva över eller förändra relevanta loggar, lagringsmedia, branches, data eller artefakter innan påverkan och bevarandebehov har bedömts.",28,"Krisläge, nödbroms och verksamhetskontinuitet",28.232 ARKITEKTURKONTRAKT,data,v1.0,Canonical Review Candidate
GP-562,Krisaccess ska vara minimerad och ärendebunden,"Krisläge får inte automatiskt ge agenter, support eller utvecklare obegränsad åtkomst till produktionsdata, secrets eller privata användardomäner.",28,"Krisläge, nödbroms och verksamhetskontinuitet",28.232 ARKITEKTURKONTRAKT,agent,v1.0,Canonical Review Candidate
GP-563,Krisbudgeten ska vara begränsad,"Akut behov får möjliggöra särskild spend men budgeten ska vara tids-, belopps-, leverantörs- och krisbunden.",28,"Krisläge, nödbroms och verksamhetskontinuitet",28.232 ARKITEKTURKONTRAKT,product,v1.0,Canonical Review Candidate
GP-564,Kommunikation ska vara samordnad och sann,"Arnold, Atlas, support, status page och direkt användarinformation ska bygga på samma verifierade lägesbild och får inte presentera osäker orsak eller recovery som faktum.",28,"Krisläge, nödbroms och verksamhetskontinuitet",28.232 ARKITEKTURKONTRAKT,agent,v1.0,Canonical Review Candidate
GP-565,Recovery ska återställa kontroll före automation,"Identitet, tenantisolering, dataintegritet, permissions och manuella kärnflöden ska verifieras före agentwrites och högre autonomi.",28,"Krisläge, nödbroms och verksamhetskontinuitet",28.232 ARKITEKTURKONTRAKT,agent,v1.0,Canonical Review Candidate
GP-566,Backlog får inte återspelas blint,"Köade writes, approvals, workflows och användarintentioner ska omprövas för relevans, expiry, idempotens och aktuell kontext efter kris.",28,"Krisläge, nödbroms och verksamhetskontinuitet",28.232 ARKITEKTURKONTRAKT,authority,v1.0,Canonical Review Candidate
GP-567,Normal mode ska kräva explicit beslut,"Gröna metrics eller återställd tjänst får inte automatiskt återställa full automation, authority, dataåtkomst eller normal drift.",28,"Krisläge, nödbroms och verksamhetskontinuitet",28.232 ARKITEKTURKONTRAKT,authority,v1.0,Canonical Review Candidate
GP-568,Krisavslut ska ha verifierbara kriterier,"Fortsatt skada, identitet, isolering, data, capabilities, authority, kommunikation och kvarvarande risk ska bedömas innan krisläge avslutas.",28,"Krisläge, nödbroms och verksamhetskontinuitet",28.232 ARKITEKTURKONTRAKT,authority,v1.0,Canonical Review Candidate
GP-569,Efterkrisövervakning ska kunna förstärkas,"GainPilot ska kunna behålla lägre autonomi, tätare observability och striktare review under en tidsbegränsad stabiliseringsperiod.",28,"Krisläge, nödbroms och verksamhetskontinuitet",28.232 ARKITEKTURKONTRAKT,authority,v1.0,Canonical Review Candidate
GP-570,Krisförmågan ska övas,"Nödbroms, safe mode, reservroller, leverantörsbortfall, komprometterad identitet, dataförlust, agentkontroll och gradvis återstart ska testas regelbundet.",28,"Krisläge, nödbroms och verksamhetskontinuitet",28.232 ARKITEKTURKONTRAKT,agent,v1.0,Canonical Review Candidate
GP-571,Grundar- och leverantörsberoenden ska ha reservplan,"GainPilot får inte vara helt beroende av en enda person, enhet, leverantör, region eller åtkomstväg för att kunna stoppa, bevara och återställa systemet.",28,"Krisläge, nödbroms och verksamhetskontinuitet",28.232 ARKITEKTURKONTRAKT,product,v1.0,Canonical Review Candidate
GP-572,Atlas får stödja men inte ensam äga krisen,"Atlas ska kunna sammanställa och rekommendera men får inte ensam ge sig systemmandat, deklarera avslut eller återställa full authority.",28,"Krisläge, nödbroms och verksamhetskontinuitet",28.232 ARKITEKTURKONTRAKT,agent,v1.0,Canonical Review Candidate
GP-573,Krissystemet ska utvecklas genom full governance,"Operating modes, nödbromsar, safe mode, reservaccess, krisbudget, kommunikation och recovery ska ändras genom separat branch, negativa tester, övningar, review, shadow mode och kontrollerad utrullning.",28,"Krisläge, nödbroms och verksamhetskontinuitet",28.232 ARKITEKTURKONTRAKT,training,v1.0,Canonical Review Candidate
GP-574,Kommersiellt värde ska bygga på användarnytta,"GainPilot ska monetiseras genom tydlig struktur, intelligens, anpassning och långsiktigt stöd — inte genom kroppsskam, rädsla, skuld eller artificiellt beroende.",29,Kommersiella modeller och skalbarhet,29.396 ARKITEKTURKONTRAKT,training,v1.0,Canonical Review Candidate
GP-575,Säkerhet och användarkontroll får inte premiumlåsas,"Grundläggande dataskydd, permissions, approvals, nödstopp, export och säker inloggning ska vara tillgängliga oavsett kommersiell plan.",29,Kommersiella modeller och skalbarhet,29.396 ARKITEKTURKONTRAKT,training,v1.0,Canonical Review Candidate
GP-576,Erbjudanden ska vara versionshanterade,"Pris, capabilities, usagegränser, support, automation och villkor ska kopplas till en explicit erbjudandeversion.",29,Kommersiella modeller och skalbarhet,29.396 ARKITEKTURKONTRAKT,commercial,v1.0,Canonical Review Candidate
GP-577,Paketering ska följa sammanhängande värde,GainPilot får inte skapa godtyckliga begränsningar eller separata betalväggar som gör ett grundläggande användarflöde ofullständigt eller vilseledande.,29,Kommersiella modeller och skalbarhet,29.396 ARKITEKTURKONTRAKT,commercial,v1.0,Canonical Review Candidate
GP-578,Pris och debitering ska vara transparenta,"Totalpris, valuta, skatt, period, förnyelse, rabatt, usage och uppsägning ska vara tydliga före köp.",29,Kommersiella modeller och skalbarhet,29.396 ARKITEKTURKONTRAKT,commercial,v1.0,Canonical Review Candidate
GP-579,Provperiod får inte skapa dold betalning,"Startdatum, första debitering, belopp och avbrytande ska visas tydligt, och användaren ska kunna få påminnelse före betalning.",29,Kommersiella modeller och skalbarhet,29.396 ARKITEKTURKONTRAKT,memory,v1.0,Canonical Review Candidate
GP-580,Betalning får inte skapa större agentauthority,Kommersiell entitlement och användarens permission- och autonomival ska förbli separata kontrollsystem.,29,Kommersiella modeller och skalbarhet,29.396 ARKITEKTURKONTRAKT,agent,v1.0,Canonical Review Candidate
GP-581,Uppsägning och nedgradering ska vara rättvisa,"Det ska vara enkelt att avsluta, pausa eller sänka plan, och användarens data, export och säkerhetskontroll får inte användas som påtryckningsmedel.",29,Kommersiella modeller och skalbarhet,29.396 ARKITEKTURKONTRAKT,security,v1.0,Canonical Review Candidate
GP-582,Usage-baserad kostnad ska ha tak och förklaring,"Variabel kostnad ska vara mätbar, förhandsvisad, spårbar och begränsad genom användar- eller organisationskontroller.",29,Kommersiella modeller och skalbarhet,29.396 ARKITEKTURKONTRAKT,nutrition,v1.0,Canonical Review Candidate
GP-583,Individdata får inte säljas,"GainPilot får inte sälja individuell tränings-, kost-, hälso-, beteende- eller kommunikationsdata till annonsörer, partners eller andra externa parter.",29,Kommersiella modeller och skalbarhet,29.396 ARKITEKTURKONTRAKT,nutrition,v1.0,Canonical Review Candidate
GP-584,Kommersiell personalisering ska vara minimerad,"Känsliga signaler, kroppsmissnöje, låg motivation eller missade mål får inte användas för manipulerande försäljning eller individuell prisökning.",29,Kommersiella modeller och skalbarhet,29.396 ARKITEKTURKONTRAKT,memory,v1.0,Canonical Review Candidate
GP-585,Sponsring och ekonomiska relationer ska märkas,"Arnold och andra GainPilot-ytor ska tydligt skilja neutral vägledning från sponsring, affiliate, marketplaceinnehåll och GainPilots egna erbjudanden.",29,Kommersiella modeller och skalbarhet,29.396 ARKITEKTURKONTRAKT,agent,v1.0,Canonical Review Candidate
GP-586,"Abonnemang, entitlement och permission ska separeras","Billingstatus ska avgöra kommersiell tillgång, medan identity, permission, risk och approval fortsatt ska avgöra om en handling får genomföras.",29,Kommersiella modeller och skalbarhet,29.396 ARKITEKTURKONTRAKT,authority,v1.0,Canonical Review Candidate
GP-587,Betalningshändelser ska vara idempotenta,"Checkout, renewal, upgrade, refund, credits och betalningswebhooks ska tåla dubbletter, fel ordning, retries och unknown outcome utan dubbel debitering.",29,Kommersiella modeller och skalbarhet,29.396 ARKITEKTURKONTRAKT,commercial,v1.0,Canonical Review Candidate
GP-588,Data får inte hållas som gisslan vid betalningsproblem,"Användaren ska kunna kontrollera integritet, exportera data, förstå sin betalningsstatus och avsluta tjänsten även när betalning misslyckats.",29,Kommersiella modeller och skalbarhet,29.396 ARKITEKTURKONTRAKT,privacy,v1.0,Canonical Review Candidate
GP-589,AI-kostnad ska mätas per capability och värde,"GainPilot ska kunna koppla modell-, infrastruktur- och supportkostnad till användarsegment, plan och verkliga värdehändelser.",29,Kommersiella modeller och skalbarhet,29.396 ARKITEKTURKONTRAKT,nutrition,v1.0,Canonical Review Candidate
GP-590,Kostnadsoptimering får inte försvaga kvalitet eller säkerhet,"Billigare modell, kortare kontext eller färre kontroller får endast användas när domänkorrekthet, användarvärde och säkerhetsnivå kan bevaras.",29,Kommersiella modeller och skalbarhet,29.396 ARKITEKTURKONTRAKT,nutrition,v1.0,Canonical Review Candidate
GP-591,Unit economics ska redovisa osäkerhet,"Tidiga marginal-, LTV-, CAC- och paybackberäkningar ska visa antaganden, dataperiod, segment och osäkerhet.",29,Kommersiella modeller och skalbarhet,29.396 ARKITEKTURKONTRAKT,safety,v1.0,Canonical Review Candidate
GP-592,Tillväxt ska ske efter produkt- och ekonomibevis,"GainPilot ska inte skala annonsering, organisation eller infrastruktur aggressivt innan erbjudande, retention, supportförmåga och unit economics är tillräckligt förstådda.",29,Kommersiella modeller och skalbarhet,29.396 ARKITEKTURKONTRAKT,product,v1.0,Canonical Review Candidate
GP-593,Skalbarhet ska omfatta fler dimensioner än teknik,"Användare, ekonomi, support, språk, länder, träningsmål, data, agentsystem, organisation och governance ska skalas tillsammans.",29,Kommersiella modeller och skalbarhet,29.396 ARKITEKTURKONTRAKT,training,v1.0,Canonical Review Candidate
GP-594,Gemensam plattform ska kombineras med projektisolering,"GainPilot ska återanvända Omniras identitet, Atlas, Hermes, billing, observability och governance utan att blanda användardata, ekonomi eller permissions med andra projekt.",29,Kommersiella modeller och skalbarhet,29.396 ARKITEKTURKONTRAKT,memory,v1.0,Canonical Review Candidate
GP-595,Organisationer får inte köpa obegränsad individåtkomst,"B2B-, gym-, coach- och företagsplaner ska använda minimerad och ändamålsbegränsad data samt individuella permissions.",29,Kommersiella modeller och skalbarhet,29.396 ARKITEKTURKONTRAKT,agent,v1.0,Canonical Review Candidate
GP-596,Kommersiella experiment ska ha guardrails,"Pris-, plan-, kampanj- och usageexperiment ska bedömas genom konvertering, retention, support, refunds, marginal, säkerhet och förtroende.",29,Kommersiella modeller och skalbarhet,29.396 ARKITEKTURKONTRAKT,safety,v1.0,Canonical Review Candidate
GP-597,Kommersiell status ska vara tekniskt verifierbar,"Marknadsföring, erbjudandeversion, checkout, billing och faktisk entitlement ska överensstämma och drift ska upptäckas.",29,Kommersiella modeller och skalbarhet,29.396 ARKITEKTURKONTRAKT,authority,v1.0,Canonical Review Candidate
GP-598,Kommersiella incidenter ska korrigeras öppet,"Fel pris, dubbel debitering, fel entitlement eller missvisande villkor ska stoppas, kompenseras, kommuniceras och eftergranskas.",29,Kommersiella modeller och skalbarhet,29.396 ARKITEKTURKONTRAKT,authority,v1.0,Canonical Review Candidate
GP-599,Atlas får analysera men inte ensamt besluta kommersiellt,"Atlas ska kunna skapa prognoser och rekommendationer men får inte själv ändra pris, villkor, kampanj, budget eller marknadsexpansion.",29,Kommersiella modeller och skalbarhet,29.396 ARKITEKTURKONTRAKT,agent,v1.0,Canonical Review Candidate
GP-600,Kommersiell utveckling ska följa full governance,"Priser, planer, billing, entitlements, usage, rabatter, marketplace och kommersiell AI-logik ska ändras genom separat branch, tester, review, shadow billing, pilot, canary och cohortuppföljning.",29,Kommersiella modeller och skalbarhet,29.396 ARKITEKTURKONTRAKT,authority,v1.0,Canonical Review Candidate
GP-601,Juridik och etik ska genomdrivas i produkten,"GainPilot får inte förlita sig enbart på villkor eller friskrivningar; professionella gränser, dataskydd, konsumentskydd och riskkontroller ska påverka faktisk capability-execution.",30,"Juridik, etik, ansvar och regulatorisk beredskap",30.206 ARKITEKTURKONTRAKT,safety,v1.0,Canonical Review Candidate
GP-602,Bedömning ska ske per capability och marknad,"Juridisk klassificering, användarkrav och kontrollnivå ska knytas till funktionens avsedda syfte, verkliga beteende, målgrupp och jurisdiktion.",30,"Juridik, etik, ansvar och regulatorisk beredskap",30.206 ARKITEKTURKONTRAKT,product,v1.0,Canonical Review Candidate
GP-603,Marknadsföring och funktion ska beskriva samma produkt,"GainPilot får inte marknadsföra medicinsk, diagnostisk eller garanterad effekt samtidigt som villkoren beskriver tjänsten som allmän information.",30,"Juridik, etik, ansvar och regulatorisk beredskap",30.206 ARKITEKTURKONTRAKT,safety,v1.0,Canonical Review Candidate
GP-604,Arnold får inte utge sig för att vara legitimerad vårdpersonal,"Agentens identitet, roll, kompetensgräns och AI-natur ska vara tydliga för användaren.",30,"Juridik, etik, ansvar och regulatorisk beredskap",30.206 ARKITEKTURKONTRAKT,agent,v1.0,Canonical Review Candidate
GP-605,Risksignal är inte diagnos,GainPilot får identifiera signaler och rekommendera professionell eller akut hjälp men får inte presentera osäker inferens som medicinsk diagnos.,30,"Juridik, etik, ansvar och regulatorisk beredskap",30.206 ARKITEKTURKONTRAKT,safety,v1.0,Canonical Review Candidate
GP-606,Akut risk ska begränsa berörd automation,"Vid relevanta högrisksignaler ska GainPilot kunna stoppa belastningsökning, programaktivering eller annan osäker execution och ge ett säkert eskaleringssvar.",30,"Juridik, etik, ansvar och regulatorisk beredskap",30.206 ARKITEKTURKONTRAKT,training,v1.0,Canonical Review Candidate
GP-607,Professionell hänvisning ska vara proportionerlig,"GainPilot ska skilja normal variation, observationsbehov, snar professionell bedömning och möjlig akut situation utan vare sig falsk trygghet eller systematisk alarmism.",30,"Juridik, etik, ansvar och regulatorisk beredskap",30.206 ARKITEKTURKONTRAKT,product,v1.0,Canonical Review Candidate
GP-608,GainPilot får inte förstärka skadligt beteende,"Produkten ska motverka kroppsskam, tvångsmässig träning, extremt energiunderskott, kompensatoriskt beteende och moralisering av mat, vila eller missade pass.",30,"Juridik, etik, ansvar och regulatorisk beredskap",30.206 ARKITEKTURKONTRAKT,training,v1.0,Canonical Review Candidate
GP-609,Användarens självbestämmande ska stärkas,Arnold ska förklara och stödja användarens egen förståelse och får inte utformas för emotionellt eller funktionellt beroende.,30,"Juridik, etik, ansvar och regulatorisk beredskap",30.206 ARKITEKTURKONTRAKT,agent,v1.0,Canonical Review Candidate
GP-610,Ansvar ska ha namngivna ägare,"Varje betydelsefull capability ska ha produkt-, domän-, teknik-, säkerhets-, compliance- och incidentansvar där detta är relevant.",30,"Juridik, etik, ansvar och regulatorisk beredskap",30.206 ARKITEKTURKONTRAKT,security,v1.0,Canonical Review Candidate
GP-611,Agenten är inte en självständig ansvarsbärare,"Automatiserade beslut och handlingar ska alltid kunna kopplas till en mänskligt eller organisatoriskt ägd policy, capability och kontrollkedja.",30,"Juridik, etik, ansvar och regulatorisk beredskap",30.206 ARKITEKTURKONTRAKT,agent,v1.0,Canonical Review Candidate
GP-612,Betydelsefulla beslut ska kunna förklaras och överprövas,"Användaren ska kunna förstå relevant datagrund, invända, korrigera och få mänsklig hantering när beslutets påverkan kräver det.",30,"Juridik, etik, ansvar och regulatorisk beredskap",30.206 ARKITEKTURKONTRAKT,data,v1.0,Canonical Review Candidate
GP-613,Personuppgifter ska behandlas ändamålsbegränsat,"Data insamlad för träning, kost, säkerhet eller support får inte automatiskt återanvändas för försäljning, forskning, modellträning eller externa bedömningar.",30,"Juridik, etik, ansvar och regulatorisk beredskap",30.206 ARKITEKTURKONTRAKT,nutrition,v1.0,Canonical Review Candidate
GP-614,Känsliga uppgifter ska ha förstärkt skydd,"Hälsorelaterade signaler, kroppsmått, smärta, menstruation, medicinering och psykiskt relaterad information ska få striktare access, retention, delning och audit.",30,"Juridik, etik, ansvar och regulatorisk beredskap",30.206 ARKITEKTURKONTRAKT,safety,v1.0,Canonical Review Candidate
GP-615,Samtycke ska vara specifikt och återkalleligt,Samtycke får inte bundlas med onödig behandling eller användas som universell rättslig grund.,30,"Juridik, etik, ansvar och regulatorisk beredskap",30.206 ARKITEKTURKONTRAKT,privacy,v1.0,Canonical Review Candidate
GP-616,Dataskyddsrättigheter ska vara operativt genomförbara,"Tillgång, rättelse, radering, begränsning, portabilitet och invändning ska stödjas genom verifierbara workflows och inte endast beskrivas i policy.",30,"Juridik, etik, ansvar och regulatorisk beredskap",30.206 ARKITEKTURKONTRAKT,privacy,v1.0,Canonical Review Candidate
GP-617,Externa datamottagare ska vara kända och styrda,"Modellleverantörer, molntjänster, betalningsleverantörer och andra biträden ska ha dokumenterat syfte, data scope, avtal, underleverantörer och exitmodell.",30,"Juridik, etik, ansvar och regulatorisk beredskap",30.206 ARKITEKTURKONTRAKT,data,v1.0,Canonical Review Candidate
GP-618,AI-användning ska vara transparent och capabilityvaliderad,"Det ska vara tydligt när AI används, vilken roll den har och att modellleverantörens generella säkerhet inte ersätter GainPilots egen validering.",30,"Juridik, etik, ansvar och regulatorisk beredskap",30.206 ARKITEKTURKONTRAKT,safety,v1.0,Canonical Review Candidate
GP-619,Bias och kvalitetsgap ska mätas och åtgärdas,"GainPilot ska analysera om funktioner systematiskt fungerar sämre eller osäkrare för relevanta grupper, språk, kroppar eller funktionsförutsättningar.",30,"Juridik, etik, ansvar och regulatorisk beredskap",30.206 ARKITEKTURKONTRAKT,data,v1.0,Canonical Review Candidate
GP-620,Tillgänglighet ska vara ett grundkrav,"Säkerhet, betalning, approvals, träningsinformation och användarkontroll ska vara möjliga att använda med relevanta hjälpmedel och alternativa presentationer.",30,"Juridik, etik, ansvar och regulatorisk beredskap",30.206 ARKITEKTURKONTRAKT,training,v1.0,Canonical Review Candidate
GP-621,Minderåriga kräver separat produktmodell,"GainPilot får inte behandla minderåriga som vanliga vuxenanvändare utan särskild ålders-, integritets-, innehålls-, kommersiell och vårdnadshavargovernance.",30,"Juridik, etik, ansvar och regulatorisk beredskap",30.206 ARKITEKTURKONTRAKT,privacy,v1.0,Canonical Review Candidate
GP-622,Immaterialrätt och innehållsprovenance ska verifieras,"Kod, övningsmedia, program, text, AI-material och användaruppladdningar ska ha känd rättighet eller tydligt tillåtet användningsscope.",30,"Juridik, etik, ansvar och regulatorisk beredskap",30.206 ARKITEKTURKONTRAKT,training,v1.0,Canonical Review Candidate
GP-623,Marknadsföring ska vara styrkbar och icke-manipulativ,"Resultatpåståenden, testimonials, före- och eftermaterial, sponsring och affiliateinnehåll ska vara sanningsenliga, tydligt märkta och etiskt granskade.",30,"Juridik, etik, ansvar och regulatorisk beredskap",30.206 ARKITEKTURKONTRAKT,training,v1.0,Canonical Review Candidate
GP-624,Policy och systembeteende ska överensstämma,"Skillnad mellan villkor, integritetspolicy, marknadsföring, teknisk databehandling och faktisk capability ska upptäckas och hanteras som avvikelse eller incident.",30,"Juridik, etik, ansvar och regulatorisk beredskap",30.206 ARKITEKTURKONTRAKT,privacy,v1.0,Canonical Review Candidate
GP-625,Efterlevnad ska stödjas av evidens,"Varje betydelsefull kontroll ska kunna kopplas till ägare, implementation, test, review, version och faktisk evidens.",30,"Juridik, etik, ansvar och regulatorisk beredskap",30.206 ARKITEKTURKONTRAKT,governance,v1.0,Canonical Review Candidate
GP-626,Atlas får analysera men inte slutligt avgöra juridik,"Atlas ska kunna bevaka, sammanställa och rekommendera men rättslig klassificering, riskacceptans och högrisklansering ska ägas av behörig människa eller organisation.",30,"Juridik, etik, ansvar och regulatorisk beredskap",30.206 ARKITEKTURKONTRAKT,agent,v1.0,Canonical Review Candidate
GP-627,Regulatoriska förändringar ska hanteras kontrollerat,"Ny lag, vägledning eller standard ska skapa analys och beslutsärende, inte automatisk produkt- eller policyändring.",30,"Juridik, etik, ansvar och regulatorisk beredskap",30.206 ARKITEKTURKONTRAKT,safety,v1.0,Canonical Review Candidate
GP-628,Högriskcapabilities och nya marknader ska ha gates,"Lansering ska kunna blockeras när avsett syfte, klassificering, avtal, kontroller, användarinformation eller ansvar ännu inte är tillräckligt verifierade.",30,"Juridik, etik, ansvar och regulatorisk beredskap",30.206 ARKITEKTURKONTRAKT,training,v1.0,Canonical Review Candidate
GP-629,Complianceundantag ska vara tidsbegränsade,"Ett undantag ska ha scope, ägare, risk, kompensationskontroll, expiry och explicit omprövning.",30,"Juridik, etik, ansvar och regulatorisk beredskap",30.206 ARKITEKTURKONTRAKT,training,v1.0,Canonical Review Candidate
GP-630,Juridisk och etisk utveckling ska följa full governance,"Ändringar av professionella gränser, databehandling, AI-transparens, marknadsföring, konsumentflöden och compliancekontroller ska ske genom separat branch, tester, kvalificerad review, pilot och verifierad lansering.",30,"Juridik, etik, ansvar och regulatorisk beredskap",30.206 ARKITEKTURKONTRAKT,data,v1.0,Canonical Review Candidate
GP-631,GainPilot ska realiseras stegvis,"Den fulla visionen får inte implementeras som ett enda odelat projekt; varje stage ska skapa ett användbart, verifierbart och arkitektoniskt hållbart resultat.",31,"Roadmap, genomförande och stegvis realisering",31.294 ARKITEKTURKONTRAKT,roadmap,v1.0,Canonical Review Candidate
GP-632,Första versionen ska vara liten men arkitektoniskt korrekt,"Stage 1 får begränsa funktioner och målgrupper men ska använda stabil identitet, versionering, scope, provenance, permission och spårbar förändring där dessa behövs.",31,"Roadmap, genomförande och stegvis realisering",31.294 ARKITEKTURKONTRAKT,authority,v1.0,Canonical Review Candidate
GP-633,Roadmapinitiativ ska beskriva problem och utfall,"Arbete får inte prioriteras enbart som en featurelista utan ska ange målgrupp, problem, avsett värde, evidens och guardrails.",31,"Roadmap, genomförande och stegvis realisering",31.294 ARKITEKTURKONTRAKT,training,v1.0,Canonical Review Candidate
GP-634,Roadmapen ska vara kontraktsmedveten,"Varje betydelsefullt initiativ ska kopplas till berörda GP-kontrakt och tydligt ange vilka delar som implementeras, förbereds eller ligger utanför scope.",31,"Roadmap, genomförande och stegvis realisering",31.294 ARKITEKTURKONTRAKT,roadmap,v1.0,Canonical Review Candidate
GP-635,Capabilitymognad ska beskrivas ärligt,"Prototype, implementation, test, production readiness, release och verifierad effekt ska vara separata statusar och får inte användas som synonymer.",31,"Roadmap, genomförande och stegvis realisering",31.294 ARKITEKTURKONTRAKT,governance,v1.0,Canonical Review Candidate
GP-636,Kärnvärdekedjan ska prioriteras,"Onboarding, program, planerat pass, aktivt genomförande, loggning, återkoppling och nästa anpassning ska fungera sammanhängande före omfattande sidofunktioner.",31,"Roadmap, genomförande och stegvis realisering",31.294 ARKITEKTURKONTRAKT,training,v1.0,Canonical Review Candidate
GP-637,GainPilot ska föredra vertikala slices,"Nya produktförmågor ska där möjligt levereras genom en tunn men komplett kedja över UI, domän, data, agent, säkerhet och observability.",31,"Roadmap, genomförande och stegvis realisering",31.294 ARKITEKTURKONTRAKT,agent,v1.0,Canonical Review Candidate
GP-638,Omnira-komplexitet ska följa verkligt produktbehov,"Generiska agent-, plattforms- och enterprise-capabilities får inte byggas långt före det GainPilot-flöde som behöver dem.",31,"Roadmap, genomförande och stegvis realisering",31.294 ARKITEKTURKONTRAKT,agent,v1.0,Canonical Review Candidate
GP-639,Roadmapen ska begränsa work in progress,GainPilot ska prioritera verifierad completion framför många samtidiga halvfärdiga initiativ.,31,"Roadmap, genomförande och stegvis realisering",31.294 ARKITEKTURKONTRAKT,roadmap,v1.0,Canonical Review Candidate
GP-640,Stageövergång ska kräva explicit acceptans,Nästa mognadsstage får inte anses påbörjad eller den föregående avslutad enbart därför att tid gått eller en demo genomförts.,31,"Roadmap, genomförande och stegvis realisering",31.294 ARKITEKTURKONTRAKT,product,v1.0,Canonical Review Candidate
GP-641,Varje stage ska producera evidens,"Scope, implementation, tester, reviews, release, användarfeedback, metrics, avvikelser och kvarvarande risk ska samlas i ett verifierbart stagepaket.",31,"Roadmap, genomförande och stegvis realisering",31.294 ARKITEKTURKONTRAKT,safety,v1.0,Canonical Review Candidate
GP-642,Roadmapbeslut ska hantera antaganden och osäkerhet,"Obekräftade behov, estimat och prognoser ska märkas och få en plan för validering innan de behandlas som stabil grund.",31,"Roadmap, genomförande och stegvis realisering",31.294 ARKITEKTURKONTRAKT,safety,v1.0,Canonical Review Candidate
GP-643,Prioritering ska väga mer än intäkt och popularitet,"Användarvärde, strategisk passform, säkerhet, lärande, beroenden, kostnad, reversibilitet och opportunity cost ska vägas i roadmapbeslut.",31,"Roadmap, genomförande och stegvis realisering",31.294 ARKITEKTURKONTRAKT,nutrition,v1.0,Canonical Review Candidate
GP-644,En prioriteringsmodell får inte fatta beslut autonomt,"Poäng, analyser och Atlas-rekommendationer ska stödja men inte ersätta ansvarig produktägares bedömning.",31,"Roadmap, genomförande och stegvis realisering",31.294 ARKITEKTURKONTRAKT,agent,v1.0,Canonical Review Candidate
GP-645,Repositoryarbete ska vara isolerat och spårbart,"Varje avgränsad implementation ska använda rätt baslinje, separat branch eller worktree, avgränsade commits, pull request, review och verifierad merge.",31,"Roadmap, genomförande och stegvis realisering",31.294 ARKITEKTURKONTRAKT,data,v1.0,Canonical Review Candidate
GP-646,Orelaterade ändringar får inte blandas,Förbefintligt eller orelaterat material ska redovisas och lämnas orört om det inte uttryckligen ingår i godkänt scope.,31,"Roadmap, genomförande och stegvis realisering",31.294 ARKITEKTURKONTRAKT,product,v1.0,Canonical Review Candidate
GP-647,Agentproduktion ska begränsas av reviewkapacitet,GainPilot får inte starta mer agentdrivet arbete än vad relevanta människor och kontrollsystem kan granska och verifiera.,31,"Roadmap, genomförande och stegvis realisering",31.294 ARKITEKTURKONTRAKT,agent,v1.0,Canonical Review Candidate
GP-648,Merge är inte samma sak som release,"Kodmerge, deployment, featureaktivering, användarlansering och verifierad effekt ska vara separata kontrollerade steg.",31,"Roadmap, genomförande och stegvis realisering",31.294 ARKITEKTURKONTRAKT,governance,v1.0,Canonical Review Candidate
GP-649,Release ska vara gradvis och återställningsbar,"Nya capabilities ska där relevant använda intern release, feature flag, canary, stoppvillkor, rollback eller compensation och post-release-verifiering.",31,"Roadmap, genomförande och stegvis realisering",31.294 ARKITEKTURKONTRAKT,compliance,v1.0,Canonical Review Candidate
GP-650,"Modell-, prompt- och knowledge-förändringar är releaser","Förändringar i agentbeteende eller canonical kunskapsunderlag ska versioneras, testas, observeras och kunna återställas på samma sätt som kod.",31,"Roadmap, genomförande och stegvis realisering",31.294 ARKITEKTURKONTRAKT,agent,v1.0,Canonical Review Candidate
GP-651,Teknisk skuld ska vara synlig och ägd,"Avsiktliga förenklingar och temporära lösningar ska ha risk, ägare och reviewpunkt och får inte tyst bli permanent canonical arkitektur.",31,"Roadmap, genomförande och stegvis realisering",31.294 ARKITEKTURKONTRAKT,safety,v1.0,Canonical Review Candidate
GP-652,Meningsbärande material ska bevaras före städning,"Canonical böcker, källor, proofs, branches, worktrees och artefakter får inte raderas innan finala versioner, checksummor och säkra kopior har verifierats.",31,"Roadmap, genomförande och stegvis realisering",31.294 ARKITEKTURKONTRAKT,governance,v1.0,Canonical Review Candidate
GP-653,Avvikelse från canonical kontrakt ska vara explicit,"Implementation får inte tyst omdefiniera eller kringgå ett GP-kontrakt; avvikelse ska dokumenteras, riskbedömas, tidsbegränsas eller leda till canonical revision.",31,"Roadmap, genomförande och stegvis realisering",31.294 ARKITEKTURKONTRAKT,safety,v1.0,Canonical Review Candidate
GP-654,Canonical kunskap ska kompileras selektivt,"Agenter ska få relevant och minimerad kunskapskontext, inte automatiskt hela bokserien i varje uppgift.",31,"Roadmap, genomförande och stegvis realisering",31.294 ARKITEKTURKONTRAKT,agent,v1.0,Canonical Review Candidate
GP-655,Roadmapeffekt ska mätas efter release,"Initiativ ska följas för adoption, användarvärde, säkerhet, kvalitet, kostnad och oavsiktliga effekter innan de betraktas som fullt verifierade.",31,"Roadmap, genomförande och stegvis realisering",31.294 ARKITEKTURKONTRAKT,nutrition,v1.0,Canonical Review Candidate
GP-656,Atlas får analysera men inte ensam styra roadmapen,"Atlas ska kunna sammanställa signaler och rekommendera prioritering men stage, budget, riskacceptans och lansering ska beslutas av behörig mänsklig ägare.",31,"Roadmap, genomförande och stegvis realisering",31.294 ARKITEKTURKONTRAKT,agent,v1.0,Canonical Review Candidate
GP-657,Roadmap- och implementationssystemet ska följa full governance,"Initiativ, stages, branches, releases, kontraktsavvikelser och canonical revisioner ska hanteras genom definierat scope, tester, review, canary, evidens och explicit beslut.",31,"Roadmap, genomförande och stegvis realisering",31.294 ARKITEKTURKONTRAKT,roadmap,v1.0,Canonical Review Candidate
GP-658,GainPilot ska vara en full bounded domain inom Omnira,"GainPilot ska ha eget produktansvar, egna dataobjekt, capabilities, policies, kommersiella modeller och operativ status samtidigt som gemensamma Omnira-förmågor återanvänds genom tydliga gränser.",32,"Canonical sammanfattning, målbild och slutliga arkitekturprinciper",32.231 ARKITEKTURKONTRAKT,data,v1.0,Canonical Review Candidate
GP-659,Arnold ska äga den användarnära coachrelationen,"Användarens primära tränings- och kostdialog ska hanteras av Arnold inom GainPilot-domänen, med tydlig identitet, kompetensgräns och capabilitystyrning.",32,"Canonical sammanfattning, målbild och slutliga arkitekturprinciper",32.231 ARKITEKTURKONTRAKT,nutrition,v1.0,Canonical Review Candidate
GP-660,Atlas ska skapa central intelligens utan central övervakning,"Atlas ska få minimerade och ändamålsbegränsade signaler för produkt-, risk-, drift- och affärsanalys men inte obegränsad åtkomst till användarens privata GainPilot-minne.",32,"Canonical sammanfattning, målbild och slutliga arkitekturprinciper",32.231 ARKITEKTURKONTRAKT,memory,v1.0,Canonical Review Candidate
GP-661,Hermes ska vara obligatorisk gräns för minne och kontext,"All betydelsefull delning mellan Arnold, Atlas, GainPilot och andra Omnira-domäner ska gå genom scopead retrieval, minimering, provenance och policykontroll.",32,"Canonical sammanfattning, målbild och slutliga arkitekturprinciper",32.231 ARKITEKTURKONTRAKT,memory,v1.0,Canonical Review Candidate
GP-662,Delad intelligens ska kombineras med isolerade minnesdomäner,"Generella lärdomar och aggregerade signaler får delas där det är tillåtet, medan privata användar-, tenant- och projektminnen ska förbli isolerade.",32,"Canonical sammanfattning, målbild och slutliga arkitekturprinciper",32.231 ARKITEKTURKONTRAKT,memory,v1.0,Canonical Review Candidate
GP-663,GainPilot ska vara adaptivt men inte godtyckligt,"Program-, tränings-, kost- och kalenderförändringar ska bygga på explicit mål, data, programlogik, risk, provenance och authority samt kunna förklaras och korrigeras.",32,"Canonical sammanfattning, målbild och slutliga arkitekturprinciper",32.231 ARKITEKTURKONTRAKT,nutrition,v1.0,Canonical Review Candidate
GP-664,Användaren ska behålla kontrollen,"Användaren ska kunna förstå, godkänna, ändra, överstyra, återkalla, stoppa, exportera och korrigera relevanta delar av GainPilot.",32,"Canonical sammanfattning, målbild och slutliga arkitekturprinciper",32.231 ARKITEKTURKONTRAKT,product,v1.0,Canonical Review Candidate
GP-665,Personalisering ska vara ändamålsbegränsad,"GainPilot får endast använda användarens minne och data för tydliga, tillåtna och förklarbara syften med relevant retention och möjlighet till rättelse.",32,"Canonical sammanfattning, målbild och slutliga arkitekturprinciper",32.231 ARKITEKTURKONTRAKT,memory,v1.0,Canonical Review Candidate
GP-666,Träningshistorik ska bevaras spårbart,"Programändringar, korrigeringar, synk och progression får inte tyst skriva över genomförda pass eller ursprungliga resultat.",32,"Canonical sammanfattning, målbild och slutliga arkitekturprinciper",32.231 ARKITEKTURKONTRAKT,training,v1.0,Canonical Review Candidate
GP-667,Tränings- och kostsystemet ska uttrycka osäkerhet,"Ofullständig data, modellinferens, uppskattade näringsvärden och osäkra träningsbedömningar får inte presenteras som exakt verifierad sanning.",32,"Canonical sammanfattning, målbild och slutliga arkitekturprinciper",32.231 ARKITEKTURKONTRAKT,nutrition,v1.0,Canonical Review Candidate
GP-668,Safety ska prioriteras över prestationsoptimering,"GainPilot ska kunna stoppa eller begränsa progression, program, kostförändring och agentexecution när relevanta säkerhetssignaler eller professionella gränser kräver det.",32,"Canonical sammanfattning, målbild och slutliga arkitekturprinciper",32.231 ARKITEKTURKONTRAKT,nutrition,v1.0,Canonical Review Candidate
GP-669,Motivation får inte bygga på manipulation,"GainPilot får inte använda kroppsskam, skuld, rädsla, tvångsmässig streaklogik eller användarens sårbarhet för att öka träning, retention eller försäljning.",32,"Canonical sammanfattning, målbild och slutliga arkitekturprinciper",32.231 ARKITEKTURKONTRAKT,training,v1.0,Canonical Review Candidate
GP-670,Capabilities ska vara den canonical handlingsgränsen,"Agenthandlingar ska definieras genom versionerade capabilities med input, output, side effects, risk, authority, permission, idempotency och audit.",32,"Canonical sammanfattning, målbild och slutliga arkitekturprinciper",32.231 ARKITEKTURKONTRAKT,agent,v1.0,Canonical Review Candidate
GP-671,"Authority ska vara scopead, förtjänad och återkallelig","Autonomi ska definieras per capability, användare, tenant, data, tid och risk, byggas genom verifierad evidens och kunna sänkas eller stoppas omedelbart.",32,"Canonical sammanfattning, målbild och slutliga arkitekturprinciper",32.231 ARKITEKTURKONTRAKT,authority,v1.0,Canonical Review Candidate
GP-672,Confidence får aldrig ersätta mandat,"En agents höga bedömda säkerhet får inte ge större dataåtkomst, tool access eller execution authority.",32,"Canonical sammanfattning, målbild och slutliga arkitekturprinciper",32.231 ARKITEKTURKONTRAKT,agent,v1.0,Canonical Review Candidate
GP-673,Approval ska vara begripligt och meningsfullt,"Användaren ska förstå handling, effekt, kostnad, data, reversibilitet och giltighet, och GainPilot ska motverka både dold execution och approval fatigue.",32,"Canonical sammanfattning, målbild och slutliga arkitekturprinciper",32.231 ARKITEKTURKONTRAKT,nutrition,v1.0,Canonical Review Candidate
GP-674,Safe mode ska bevara användarens kärnförmåga,"Vid allvarlig störning ska GainPilot där möjligt låta användaren läsa verifierad plan, logga lokalt, se status och behålla datakontroll utan nya osäkra writes.",32,"Canonical sammanfattning, målbild och slutliga arkitekturprinciper",32.231 ARKITEKTURKONTRAKT,data,v1.0,Canonical Review Candidate
GP-675,Distribuerade handlingar ska bevara sanningen om utfallet,"Timeout, dubblett, fel ordning, partial execution och unknown outcome ska hanteras genom stabil identitet, idempotency, verifiering och compensation.",32,"Canonical sammanfattning, målbild och slutliga arkitekturprinciper",32.231 ARKITEKTURKONTRAKT,product,v1.0,Canonical Review Candidate
GP-676,Observability ska mäta användar- och capabilityresultat,"GainPilot får inte förlita sig enbart på processuptime utan ska följa data, agentbeteende, permissions, user flows, domänutfall, kostnad och faktisk användarpåverkan.",32,"Canonical sammanfattning, målbild och slutliga arkitekturprinciper",32.231 ARKITEKTURKONTRAKT,nutrition,v1.0,Canonical Review Candidate
GP-677,Backup ska bevisas genom säker restore,"Data, tenantisolering, raderingar, schema, filer och centrala GainPilot-flöden ska verifieras efter återställning.",32,"Canonical sammanfattning, målbild och slutliga arkitekturprinciper",32.231 ARKITEKTURKONTRAKT,data,v1.0,Canonical Review Candidate
GP-678,Incident och kris ska minska autonomi,"Allvarlig drift-, data-, säkerhets-, integritets- eller agentrisk ska kunna pausa writes, begränsa data, sänka authority och kräva gradvis verifierad recovery.",32,"Canonical sammanfattning, målbild och slutliga arkitekturprinciper",32.231 ARKITEKTURKONTRAKT,agent,v1.0,Canonical Review Candidate
GP-679,Kommersiellt värde ska bygga på verklig användarnytta,"GainPilot ska finansieras genom struktur, intelligens, anpassning och stöd, inte genom datakuveri, dark patterns, kroppsmissnöje eller artificiellt beroende.",32,"Canonical sammanfattning, målbild och slutliga arkitekturprinciper",32.231 ARKITEKTURKONTRAKT,training,v1.0,Canonical Review Candidate
GP-680,"Betalning, entitlement, permission och authority ska separeras","Ett abonnemang kan ge kommersiell tillgång till en capability men får inte automatiskt skapa datatillstånd, approval eller större agentautonomi.",32,"Canonical sammanfattning, målbild och slutliga arkitekturprinciper",32.231 ARKITEKTURKONTRAKT,agent,v1.0,Canonical Review Candidate
GP-681,Individuell GainPilot-data får inte säljas,"Privat tränings-, kost-, kropps-, hälso-, beteende- och coachdata får inte säljas till annonsörer, arbetsgivare, försäkringsaktörer eller andra externa parter.",32,"Canonical sammanfattning, målbild och slutliga arkitekturprinciper",32.231 ARKITEKTURKONTRAKT,nutrition,v1.0,Canonical Review Candidate
GP-682,Professionella och regulatoriska gränser ska genomdrivas tekniskt,"Arnold får inte diagnostisera, behandla eller utge sig för legitimerad kompetens utanför en separat godkänd produktmodell, och riskfrågor ska kunna stoppa berörd automation.",32,"Canonical sammanfattning, målbild och slutliga arkitekturprinciper",32.231 ARKITEKTURKONTRAKT,agent,v1.0,Canonical Review Candidate
GP-683,Varje betydelsefull capability ska ha mänskligt eller organisatoriskt ansvar,"Produkt-, domän-, teknik-, säkerhets-, compliance- och incidentansvar ska kunna identifieras även när handlingen genomförs automatiskt.",32,"Canonical sammanfattning, målbild och slutliga arkitekturprinciper",32.231 ARKITEKTURKONTRAKT,safety,v1.0,Canonical Review Candidate
GP-684,GainPilot ska realiseras genom verifierade stages,"Stage 1 ska skapa en fungerande kärnprodukt innan omfattande domän-, organisations-, plattforms- eller autonomiexpansion genomförs.",32,"Canonical sammanfattning, målbild och slutliga arkitekturprinciper",32.231 ARKITEKTURKONTRAKT,authority,v1.0,Canonical Review Candidate
GP-685,Canonical böcker ska vara versionsstyrda och bevarade,"Fullbok, kapitel, manifest, kontraktsregister, changelog, checksummor och proofs ska bevaras i verifierad struktur utan radering av meningsbärande material före säker kopia.",32,"Canonical sammanfattning, målbild och slutliga arkitekturprinciper",32.231 ARKITEKTURKONTRAKT,governance,v1.0,Canonical Review Candidate
GP-686,Canonical kunskap ska kompileras selektivt,"Atlas, Arnold och specialistagenter ska få minimerade uppgiftsspecifika knowledge packages med tydlig provenance i stället för oscopead tillgång till hela bokserien.",32,"Canonical sammanfattning, målbild och slutliga arkitekturprinciper",32.231 ARKITEKTURKONTRAKT,agent,v1.0,Canonical Review Candidate
GP-687,Kontraktsuppfyllelse ska kräva relevant evidens,"Kodreferens ensam är inte tillräcklig; automatiska tester, mänsklig review, audit, driftverifiering och användarevidens ska användas efter kontraktets natur.",32,"Canonical sammanfattning, målbild och slutliga arkitekturprinciper",32.231 ARKITEKTURKONTRAKT,operations,v1.0,Canonical Review Candidate
GP-688,Agenter får föreslå men inte självmodifiera governance,"Atlas, Arnold och specialistagenter får identifiera behov och skapa förslag men får inte själva ändra canonical bok, authoritymodell, säkerhetspolicy eller sitt eget mandat.",32,"Canonical sammanfattning, målbild och slutliga arkitekturprinciper",32.231 ARKITEKTURKONTRAKT,agent,v1.0,Canonical Review Candidate
GP-689,GainPilot ska utvecklas genom full repository- och releasegovernance,"Varje betydelsefull förändring ska ha scope, separat branch eller worktree, tester, relevant review, pull request, gradvis release, rollback eller compensation och post-release-verifiering.",32,"Canonical sammanfattning, målbild och slutliga arkitekturprinciper",32.231 ARKITEKTURKONTRAKT,governance,v1.0,Canonical Review Candidate
GP-690,Slutlig produktframgång ska mätas som hållbart användarvärde under kontroll,"GainPilot är framgångsrikt när användaren får återkommande tränings- och kostvärde, förstår systemet, behåller kontrollen och kan använda tjänsten inom en säker, privat, tillförlitlig och ekonomiskt hållbar modell.",32,"Canonical sammanfattning, målbild och slutliga arkitekturprinciper",32.231 ARKITEKTURKONTRAKT,nutrition,v1.0,Canonical Review Candidate
